,Country,Code,Date,Cases
0,Mexico,MEX,2020-01-09,0
1,Mexico,MEX,2020-01-10,0
2,Mexico,MEX,2020-01-11,0
3,Mexico,MEX,2020-01-12,0
4,Mexico,MEX,2020-01-13,0
5,Mexico,MEX,2020-01-14,0
6,Mexico,MEX,2020-01-15,0
7,Mexico,MEX,2020-01-16,0
8,Mexico,MEX,2020-01-17,0
9,Mexico,MEX,2020-01-18,0
10,Mexico,MEX,2020-01-19,0
11,Mexico,MEX,2020-01-20,0
12,Mexico,MEX,2020-01-21,0
13,Mexico,MEX,2020-01-22,0
14,Mexico,MEX,2020-01-23,0
15,Mexico,MEX,2020-01-24,0
16,Mexico,MEX,2020-01-25,0
17,Mexico,MEX,2020-01-26,0
18,Mexico,MEX,2020-01-27,0
19,Mexico,MEX,2020-01-28,0
20,Mexico,MEX,2020-01-29,0
21,Mexico,MEX,2020-01-30,0
22,Mexico,MEX,2020-01-31,0
23,Mexico,MEX,2020-02-01,0
24,Mexico,MEX,2020-02-02,0
25,Mexico,MEX,2020-02-03,0
26,Mexico,MEX,2020-02-04,0
27,Mexico,MEX,2020-02-05,0
28,Mexico,MEX,2020-02-06,0
29,Mexico,MEX,2020-02-07,0
30,Mexico,MEX,2020-02-08,0
31,Mexico,MEX,2020-02-09,0
32,Mexico,MEX,2020-02-10,0
33,Mexico,MEX,2020-02-11,0
34,Mexico,MEX,2020-02-12,0
35,Mexico,MEX,2020-02-13,0
36,Mexico,MEX,2020-02-14,0
37,Mexico,MEX,2020-02-15,0
38,Mexico,MEX,2020-02-16,0
39,Mexico,MEX,2020-02-17,0
40,Mexico,MEX,2020-02-18,0
41,Mexico,MEX,2020-02-19,0
42,Mexico,MEX,2020-02-20,0
43,Mexico,MEX,2020-02-21,1
44,Mexico,MEX,2020-02-22,1
45,Mexico,MEX,2020-02-23,1
46,Mexico,MEX,2020-02-24,1
47,Mexico,MEX,2020-02-25,1
48,Mexico,MEX,2020-02-26,1
49,Mexico,MEX,2020-02-27,1
50,Mexico,MEX,2020-02-28,0
51,Mexico,MEX,2020-02-29,3
52,Mexico,MEX,2020-03-01,5
53,Mexico,MEX,2020-03-02,7
54,Mexico,MEX,2020-03-03,9
55,Mexico,MEX,2020-03-04,14
56,Mexico,MEX,2020-03-05,23
57,Mexico,MEX,2020-03-06,33
58,Mexico,MEX,2020-03-07,41
59,Mexico,MEX,2020-03-08,45
60,Mexico,MEX,2020-03-09,50
61,Mexico,MEX,2020-03-10,56
62,Mexico,MEX,2020-03-11,56
63,Mexico,MEX,2020-03-12,64
64,Mexico,MEX,2020-03-13,93
65,Mexico,MEX,2020-03-14,123
66,Mexico,MEX,2020-03-15,183
67,Mexico,MEX,2020-03-16,228
68,Mexico,MEX,2020-03-17,257
69,Mexico,MEX,2020-03-18,329
70,Mexico,MEX,2020-03-19,416
71,Mexico,MEX,2020-03-20,493
72,Mexico,MEX,2020-03-21,603
73,Mexico,MEX,2020-03-22,669
74,Mexico,MEX,2020-03-23,702
75,Mexico,MEX,2020-03-24,735
76,Mexico,MEX,2020-03-25,826
77,Mexico,MEX,2020-03-26,942
78,Mexico,MEX,2020-03-27,1011
79,Mexico,MEX,2020-03-28,1084
80,Mexico,MEX,2020-03-29,1214
81,Mexico,MEX,2020-03-30,1320
82,Mexico,MEX,2020-03-31,1416
83,Mexico,MEX,2020-04-01,1593
84,Mexico,MEX,2020-04-02,1684
85,Mexico,MEX,2020-04-03,1881
86,Mexico,MEX,2020-04-04,2004
87,Mexico,MEX,2020-04-05,2134
88,Mexico,MEX,2020-04-06,2193
89,Mexico,MEX,2020-04-07,2286
90,Mexico,MEX,2020-04-08,2572
91,Mexico,MEX,2020-04-09,2776
92,Mexico,MEX,2020-04-10,2975
93,Mexico,MEX,2020-04-11,3111
94,Mexico,MEX,2020-04-12,3291
95,Mexico,MEX,2020-04-13,3505
96,Mexico,MEX,2020-04-14,3725
97,Mexico,MEX,2020-04-15,4047
98,Mexico,MEX,2020-04-16,4468
99,Mexico,MEX,2020-04-17,4872
100,Mexico,MEX,2020-04-18,5385
101,Mexico,MEX,2020-04-19,5958
102,Mexico,MEX,2020-04-20,6309
103,Mexico,MEX,2020-04-21,6624
104,Mexico,MEX,2020-04-22,7192
105,Mexico,MEX,2020-04-23,7727
106,Mexico,MEX,2020-04-24,8165
107,Mexico,MEX,2020-04-25,8675
108,Mexico,MEX,2020-04-26,9264
109,Mexico,MEX,2020-04-27,9613
110,Mexico,MEX,2020-04-28,9936
111,Mexico,MEX,2020-04-29,10357
112,Mexico,MEX,2020-04-30,10847
113,Mexico,MEX,2020-05-01,11372
114,Mexico,MEX,2020-05-02,11750
115,Mexico,MEX,2020-05-03,11571
116,Mexico,MEX,2020-05-04,11900
117,Mexico,MEX,2020-05-05,12160
118,Mexico,MEX,2020-05-06,12860
119,Mexico,MEX,2020-05-07,13133
120,Mexico,MEX,2020-05-08,13574
121,Mexico,MEX,2020-05-09,14221
122,Mexico,MEX,2020-05-10,15196
123,Mexico,MEX,2020-05-11,15360
124,Mexico,MEX,2020-05-12,15535
125,Mexico,MEX,2020-05-13,16011
126,Mexico,MEX,2020-05-14,16847
127,Mexico,MEX,2020-05-15,17688
128,Mexico,MEX,2020-05-16,18374
129,Mexico,MEX,2020-05-17,19538
130,Mexico,MEX,2020-05-18,20151
131,Mexico,MEX,2020-05-19,20338
132,Mexico,MEX,2020-05-20,21401
133,Mexico,MEX,2020-05-21,22041
134,Mexico,MEX,2020-05-22,22863
135,Mexico,MEX,2020-05-23,23749
136,Mexico,MEX,2020-05-24,24187
137,Mexico,MEX,2020-05-25,24333
138,Mexico,MEX,2020-05-26,24596
139,Mexico,MEX,2020-05-27,25203
140,Mexico,MEX,2020-05-28,25916
141,Mexico,MEX,2020-05-29,26430
142,Mexico,MEX,2020-05-30,26637
143,Mexico,MEX,2020-05-31,26973
144,Mexico,MEX,2020-06-01,27379
145,Mexico,MEX,2020-06-02,27576
146,Mexico,MEX,2020-06-03,28241
147,Mexico,MEX,2020-06-04,28655
148,Mexico,MEX,2020-06-05,29162
149,Mexico,MEX,2020-06-06,29865
150,Mexico,MEX,2020-06-07,30556
151,Mexico,MEX,2020-06-08,30883
152,Mexico,MEX,2020-06-09,31152
153,Mexico,MEX,2020-06-10,31990
154,Mexico,MEX,2020-06-11,33026
155,Mexico,MEX,2020-06-12,33779
156,Mexico,MEX,2020-06-13,34237
157,Mexico,MEX,2020-06-14,34822
158,Mexico,MEX,2020-06-15,34904
159,Mexico,MEX,2020-06-16,35138
160,Mexico,MEX,2020-06-17,35537
161,Mexico,MEX,2020-06-18,36140
162,Mexico,MEX,2020-06-19,36494
163,Mexico,MEX,2020-06-20,37169
164,Mexico,MEX,2020-06-21,37587
165,Mexico,MEX,2020-06-22,38092
166,Mexico,MEX,2020-06-23,38000
167,Mexico,MEX,2020-06-24,38324
168,Mexico,MEX,2020-06-25,38465
169,Mexico,MEX,2020-06-26,38654
170,Mexico,MEX,2020-06-27,38850
171,Mexico,MEX,2020-06-28,39306
172,Mexico,MEX,2020-06-29,39349
173,Mexico,MEX,2020-06-30,39804
174,Mexico,MEX,2020-07-01,40353
175,Mexico,MEX,2020-07-02,40965
176,Mexico,MEX,2020-07-03,42292
177,Mexico,MEX,2020-07-04,43050
178,Mexico,MEX,2020-07-05,43553
179,Mexico,MEX,2020-07-06,43534
180,Mexico,MEX,2020-07-07,43572
181,Mexico,MEX,2020-07-08,43892
182,Mexico,MEX,2020-07-09,44590
183,Mexico,MEX,2020-07-10,44347
184,Mexico,MEX,2020-07-11,44306
185,Mexico,MEX,2020-07-12,44406
186,Mexico,MEX,2020-07-13,44573
187,Mexico,MEX,2020-07-14,44748
188,Mexico,MEX,2020-07-15,45792
189,Mexico,MEX,2020-07-16,46328
190,Mexico,MEX,2020-07-17,47739
191,Mexico,MEX,2020-07-18,48946
192,Mexico,MEX,2020-07-19,49775
193,Mexico,MEX,2020-07-20,50301
194,Mexico,MEX,2020-07-21,50524
195,Mexico,MEX,2020-07-22,50730
196,Mexico,MEX,2020-07-23,50927
197,Mexico,MEX,2020-07-24,50367
198,Mexico,MEX,2020-07-25,50198
199,Mexico,MEX,2020-07-26,50177
200,Mexico,MEX,2020-07-27,49935
201,Mexico,MEX,2020-07-28,49504
202,Mexico,MEX,2020-07-29,48898
203,Mexico,MEX,2020-07-30,48440
204,Mexico,MEX,2020-07-31,47810
205,Mexico,MEX,2020-08-01,47289
206,Mexico,MEX,2020-08-02,45999
207,Mexico,MEX,2020-08-03,45622
208,Mexico,MEX,2020-08-04,45115
209,Mexico,MEX,2020-08-05,44125
210,Mexico,MEX,2020-08-06,43316
211,Mexico,MEX,2020-08-07,42821
212,Mexico,MEX,2020-08-08,41923
213,Mexico,MEX,2020-08-09,41814
214,Mexico,MEX,2020-08-10,41662
215,Mexico,MEX,2020-08-11,41541
216,Mexico,MEX,2020-08-12,41275
217,Mexico,MEX,2020-08-13,40763
218,Mexico,MEX,2020-08-14,40085
219,Mexico,MEX,2020-08-15,39863
220,Mexico,MEX,2020-08-16,39452
221,Mexico,MEX,2020-08-17,39025
222,Mexico,MEX,2020-08-18,38923
223,Mexico,MEX,2020-08-19,38555
224,Mexico,MEX,2020-08-20,38406
225,Mexico,MEX,2020-08-21,38204
226,Mexico,MEX,2020-08-22,37779
227,Mexico,MEX,2020-08-23,37867
228,Mexico,MEX,2020-08-24,37775
229,Mexico,MEX,2020-08-25,37791
230,Mexico,MEX,2020-08-26,37987
231,Mexico,MEX,2020-08-27,37952
232,Mexico,MEX,2020-08-28,38690
233,Mexico,MEX,2020-08-29,39200
234,Mexico,MEX,2020-08-30,39230
235,Mexico,MEX,2020-08-31,39234
236,Mexico,MEX,2020-09-01,39123
237,Mexico,MEX,2020-09-02,39068
238,Mexico,MEX,2020-09-03,39526
239,Mexico,MEX,2020-09-04,39410
240,Mexico,MEX,2020-09-05,39169
241,Mexico,MEX,2020-09-06,38873
242,Mexico,MEX,2020-09-07,38612
243,Mexico,MEX,2020-09-08,38465
244,Mexico,MEX,2020-09-09,37849
245,Mexico,MEX,2020-09-10,37323
246,Mexico,MEX,2020-09-11,36467
247,Mexico,MEX,2020-09-12,35874
248,Mexico,MEX,2020-09-13,35339
249,Mexico,MEX,2020-09-14,35248
250,Mexico,MEX,2020-09-15,35068
251,Mexico,MEX,2020-09-16,34913
252,Mexico,MEX,2020-09-17,32656
253,Mexico,MEX,2020-09-18,28842
254,Mexico,MEX,2020-09-19,29551
255,Mexico,MEX,2020-09-20,29659
256,Mexico,MEX,2020-09-21,29666
257,Mexico,MEX,2020-09-22,29613
258,Mexico,MEX,2020-09-23,29663
259,Mexico,MEX,2020-09-24,31468
260,Mexico,MEX,2020-09-25,35051
261,Mexico,MEX,2020-09-26,34043
262,Mexico,MEX,2020-09-27,33716
263,Mexico,MEX,2020-09-28,33565
264,Mexico,MEX,2020-09-29,33540
265,Mexico,MEX,2020-09-30,33521
266,Mexico,MEX,2020-10-01,33308
267,Mexico,MEX,2020-10-02,33032
268,Mexico,MEX,2020-10-03,32917
269,Mexico,MEX,2020-10-04,32636
270,Mexico,MEX,2020-10-05,32423
271,Mexico,MEX,2020-10-06,32352
272,Mexico,MEX,2020-10-07,31982
273,Mexico,MEX,2020-10-08,31974
274,Mexico,MEX,2020-10-09,32191
275,Mexico,MEX,2020-10-10,32411
276,Mexico,MEX,2020-10-11,33071
277,Mexico,MEX,2020-10-12,33654
278,Mexico,MEX,2020-10-13,34103
279,Mexico,MEX,2020-10-14,34996
280,Mexico,MEX,2020-10-15,36175
281,Mexico,MEX,2020-10-16,36876
282,Mexico,MEX,2020-10-17,37829
283,Mexico,MEX,2020-10-18,38778
284,Mexico,MEX,2020-10-19,39091
285,Mexico,MEX,2020-10-20,39242
286,Mexico,MEX,2020-10-21,40648
287,Mexico,MEX,2020-10-22,41907
288,Mexico,MEX,2020-10-23,42851
289,Mexico,MEX,2020-10-24,43681
290,Mexico,MEX,2020-10-25,44301
291,Mexico,MEX,2020-10-26,44450
292,Mexico,MEX,2020-10-27,44555
293,Mexico,MEX,2020-10-28,44733
294,Mexico,MEX,2020-10-29,44288
295,Mexico,MEX,2020-10-30,44053
296,Mexico,MEX,2020-10-31,43630
297,Mexico,MEX,2020-11-01,42679
298,Mexico,MEX,2020-11-02,42195
299,Mexico,MEX,2020-11-03,41893
300,Mexico,MEX,2020-11-04,38653
301,Mexico,MEX,2020-11-05,38791
302,Mexico,MEX,2020-11-06,39243
303,Mexico,MEX,2020-11-07,39927
304,Mexico,MEX,2020-11-08,40741
305,Mexico,MEX,2020-11-09,41267
306,Mexico,MEX,2020-11-10,41747
307,Mexico,MEX,2020-11-11,45550
308,Mexico,MEX,2020-11-12,46402
309,Mexico,MEX,2020-11-13,47123
310,Mexico,MEX,2020-11-14,47717
311,Mexico,MEX,2020-11-15,48200
312,Mexico,MEX,2020-11-16,48563
313,Mexico,MEX,2020-11-17,48552
314,Mexico,MEX,2020-11-18,42891
315,Mexico,MEX,2020-11-19,43577
316,Mexico,MEX,2020-11-20,43938
317,Mexico,MEX,2020-11-21,44002
318,Mexico,MEX,2020-11-22,44816
319,Mexico,MEX,2020-11-23,45128
320,Mexico,MEX,2020-11-24,45272
321,Mexico,MEX,2020-11-25,52320
322,Mexico,MEX,2020-11-26,52982
323,Mexico,MEX,2020-11-27,53849
324,Mexico,MEX,2020-11-28,55234
325,Mexico,MEX,2020-11-29,56457
326,Mexico,MEX,2020-11-30,57133
327,Mexico,MEX,2020-12-01,57361
328,Mexico,MEX,2020-12-02,57934
329,Mexico,MEX,2020-12-03,59280
330,Mexico,MEX,2020-12-04,61160
331,Mexico,MEX,2020-12-05,62779
332,Mexico,MEX,2020-12-06,64076
333,Mexico,MEX,2020-12-07,65178
334,Mexico,MEX,2020-12-08,65343
335,Mexico,MEX,2020-12-09,67519
336,Mexico,MEX,2020-12-10,68893
337,Mexico,MEX,2020-12-11,69929
338,Mexico,MEX,2020-12-12,71466
339,Mexico,MEX,2020-12-13,73050
340,Mexico,MEX,2020-12-14,73954
341,Mexico,MEX,2020-12-15,74198
342,Mexico,MEX,2020-12-16,75469
343,Mexico,MEX,2020-12-17,76508
344,Mexico,MEX,2020-12-18,77337
345,Mexico,MEX,2020-12-19,77381
346,Mexico,MEX,2020-12-20,77433
347,Mexico,MEX,2020-12-21,77147
348,Mexico,MEX,2020-12-22,77524
349,Mexico,MEX,2020-12-23,77619
350,Mexico,MEX,2020-12-24,77460
351,Mexico,MEX,2020-12-25,76952
352,Mexico,MEX,2020-12-26,74632
353,Mexico,MEX,2020-12-27,64816
354,Mexico,MEX,2020-12-28,64133
355,Mexico,MEX,2020-12-29,64731
356,Mexico,MEX,2020-12-30,66479
357,Mexico,MEX,2020-12-31,68691
358,Mexico,MEX,2021-01-01,70596
359,Mexico,MEX,2021-01-02,72199
360,Mexico,MEX,2021-01-03,72877
361,Mexico,MEX,2021-01-04,73892
362,Mexico,MEX,2021-01-05,74769
363,Mexico,MEX,2021-01-06,77101
364,Mexico,MEX,2021-01-07,79823
365,Mexico,MEX,2021-01-08,83504
366,Mexico,MEX,2021-01-09,90187
367,Mexico,MEX,2021-01-10,105375
368,Mexico,MEX,2021-01-11,108269
369,Mexico,MEX,2021-01-12,108658
370,Mexico,MEX,2021-01-13,111146
371,Mexico,MEX,2021-01-14,111828
372,Mexico,MEX,2021-01-15,112070
373,Mexico,MEX,2021-01-16,111675
374,Mexico,MEX,2021-01-17,110588
375,Mexico,MEX,2021-01-18,110187
376,Mexico,MEX,2021-01-19,109853
377,Mexico,MEX,2021-01-20,108484
378,Mexico,MEX,2021-01-21,108027
379,Mexico,MEX,2021-01-22,106854
380,Mexico,MEX,2021-01-23,105408
381,Mexico,MEX,2021-01-24,104374
382,Mexico,MEX,2021-01-25,103736
383,Mexico,MEX,2021-01-26,103156
384,Mexico,MEX,2021-01-27,101677
385,Mexico,MEX,2021-01-28,99694
386,Mexico,MEX,2021-01-29,97135
387,Mexico,MEX,2021-01-30,94236
388,Mexico,MEX,2021-01-31,90123
389,Mexico,MEX,2021-02-01,88132
390,Mexico,MEX,2021-02-02,87092
391,Mexico,MEX,2021-02-03,73618
392,Mexico,MEX,2021-02-04,70002
393,Mexico,MEX,2021-02-05,66956
394,Mexico,MEX,2021-02-06,63765
395,Mexico,MEX,2021-02-07,61598
396,Mexico,MEX,2021-02-08,60131
397,Mexico,MEX,2021-02-09,59184
398,Mexico,MEX,2021-02-10,66133
399,Mexico,MEX,2021-02-11,62009
400,Mexico,MEX,2021-02-12,58668
401,Mexico,MEX,2021-02-13,55669
402,Mexico,MEX,2021-02-14,53192
403,Mexico,MEX,2021-02-15,51848
404,Mexico,MEX,2021-02-16,51258
405,Mexico,MEX,2021-02-17,47929
406,Mexico,MEX,2021-02-18,46408
407,Mexico,MEX,2021-02-19,44914
408,Mexico,MEX,2021-02-20,44060
409,Mexico,MEX,2021-02-21,43136
410,Mexico,MEX,2021-02-22,42568
411,Mexico,MEX,2021-02-23,42446
412,Mexico,MEX,2021-02-24,42753
413,Mexico,MEX,2021-02-25,42471
414,Mexico,MEX,2021-02-26,42311
415,Mexico,MEX,2021-02-27,42117
416,Mexico,MEX,2021-02-28,42204
417,Mexico,MEX,2021-03-01,42280
418,Mexico,MEX,2021-03-02,42346
419,Mexico,MEX,2021-03-03,42372
420,Mexico,MEX,2021-03-04,41807
421,Mexico,MEX,2021-03-05,41518
422,Mexico,MEX,2021-03-06,41064
423,Mexico,MEX,2021-03-07,40192
424,Mexico,MEX,2021-03-08,39749
425,Mexico,MEX,2021-03-09,39634
426,Mexico,MEX,2021-03-10,38052
427,Mexico,MEX,2021-03-11,37073
428,Mexico,MEX,2021-03-12,36013
429,Mexico,MEX,2021-03-13,35052
430,Mexico,MEX,2021-03-14,34305
431,Mexico,MEX,2021-03-15,33910
432,Mexico,MEX,2021-03-16,33471
433,Mexico,MEX,2021-03-17,28529
434,Mexico,MEX,2021-03-18,29338
435,Mexico,MEX,2021-03-19,29123
436,Mexico,MEX,2021-03-20,28792
437,Mexico,MEX,2021-03-21,28302
438,Mexico,MEX,2021-03-22,28072
439,Mexico,MEX,2021-03-23,28069
440,Mexico,MEX,2021-03-24,31865
441,Mexico,MEX,2021-03-25,30303
442,Mexico,MEX,2021-03-26,29659
443,Mexico,MEX,2021-03-27,29240
444,Mexico,MEX,2021-03-28,28664
445,Mexico,MEX,2021-03-29,28486
446,Mexico,MEX,2021-03-30,28255
447,Mexico,MEX,2021-03-31,27625
448,Mexico,MEX,2021-04-01,26864
449,Mexico,MEX,2021-04-02,26240
450,Mexico,MEX,2021-04-03,23713
451,Mexico,MEX,2021-04-04,21218
452,Mexico,MEX,2021-04-05,20572
453,Mexico,MEX,2021-04-06,20678
454,Mexico,MEX,2021-04-07,20922
455,Mexico,MEX,2021-04-08,21118
456,Mexico,MEX,2021-04-09,21497
457,Mexico,MEX,2021-04-10,23654
458,Mexico,MEX,2021-04-11,26011
459,Mexico,MEX,2021-04-12,26625
460,Mexico,MEX,2021-04-13,26401
461,Mexico,MEX,2021-04-14,25939
462,Mexico,MEX,2021-04-15,25538
463,Mexico,MEX,2021-04-16,24966
464,Mexico,MEX,2021-04-17,24496
465,Mexico,MEX,2021-04-18,23767
466,Mexico,MEX,2021-04-19,23226
467,Mexico,MEX,2021-04-20,23117
468,Mexico,MEX,2021-04-21,22368
469,Mexico,MEX,2021-04-22,21778
470,Mexico,MEX,2021-04-23,21564
471,Mexico,MEX,2021-04-24,21068
472,Mexico,MEX,2021-04-25,20925
473,Mexico,MEX,2021-04-26,20983
474,Mexico,MEX,2021-04-27,20954
475,Mexico,MEX,2021-04-28,20600
476,Mexico,MEX,2021-04-29,20393
477,Mexico,MEX,2021-04-30,19938
478,Mexico,MEX,2021-05-01,19632
479,Mexico,MEX,2021-05-02,19142
480,Mexico,MEX,2021-05-03,18396
481,Mexico,MEX,2021-05-04,18280
482,Mexico,MEX,2021-05-05,17724
483,Mexico,MEX,2021-05-06,17169
484,Mexico,MEX,2021-05-07,16576
485,Mexico,MEX,2021-05-08,16374
486,Mexico,MEX,2021-05-09,16175
487,Mexico,MEX,2021-05-10,16453
488,Mexico,MEX,2021-05-11,16279
489,Mexico,MEX,2021-05-12,14570
490,Mexico,MEX,2021-05-13,14864
491,Mexico,MEX,2021-05-14,14908
492,Mexico,MEX,2021-05-15,14503
493,Mexico,MEX,2021-05-16,14482
494,Mexico,MEX,2021-05-17,14414
495,Mexico,MEX,2021-05-18,14405
496,Mexico,MEX,2021-05-19,15568
497,Mexico,MEX,2021-05-20,14950
498,Mexico,MEX,2021-05-21,14804
499,Mexico,MEX,2021-05-22,14843
500,Mexico,MEX,2021-05-23,14750
501,Mexico,MEX,2021-05-24,14688
502,Mexico,MEX,2021-05-25,14714
503,Mexico,MEX,2021-05-26,14776
504,Mexico,MEX,2021-05-27,14912
505,Mexico,MEX,2021-05-28,15057
506,Mexico,MEX,2021-05-29,15202
507,Mexico,MEX,2021-05-30,15313
508,Mexico,MEX,2021-05-31,15302
509,Mexico,MEX,2021-06-01,15435
510,Mexico,MEX,2021-06-02,15559
511,Mexico,MEX,2021-06-03,15650
512,Mexico,MEX,2021-06-04,15828
513,Mexico,MEX,2021-06-05,15925
514,Mexico,MEX,2021-06-06,16193
515,Mexico,MEX,2021-06-07,16404
516,Mexico,MEX,2021-06-08,16315
517,Mexico,MEX,2021-06-09,16918
518,Mexico,MEX,2021-06-10,17699
519,Mexico,MEX,2021-06-11,18276
520,Mexico,MEX,2021-06-12,18929
521,Mexico,MEX,2021-06-13,19451
522,Mexico,MEX,2021-06-14,19811
523,Mexico,MEX,2021-06-15,20063
524,Mexico,MEX,2021-06-16,20597
525,Mexico,MEX,2021-06-17,20885
526,Mexico,MEX,2021-06-18,21433
527,Mexico,MEX,2021-06-19,22095
528,Mexico,MEX,2021-06-20,22779
529,Mexico,MEX,2021-06-21,23133
530,Mexico,MEX,2021-06-22,23310
531,Mexico,MEX,2021-06-23,24407
532,Mexico,MEX,2021-06-24,25708
533,Mexico,MEX,2021-06-25,27115
534,Mexico,MEX,2021-06-26,28488
535,Mexico,MEX,2021-06-27,29738
536,Mexico,MEX,2021-06-28,30423
537,Mexico,MEX,2021-06-29,30859
538,Mexico,MEX,2021-06-30,32511
539,Mexico,MEX,2021-07-01,33772
540,Mexico,MEX,2021-07-02,34691
541,Mexico,MEX,2021-07-03,35875
542,Mexico,MEX,2021-07-04,37423
543,Mexico,MEX,2021-07-05,38140
544,Mexico,MEX,2021-07-06,38700
545,Mexico,MEX,2021-07-07,41035
546,Mexico,MEX,2021-07-08,43914
547,Mexico,MEX,2021-07-09,47757
548,Mexico,MEX,2021-07-10,51348
549,Mexico,MEX,2021-07-11,55106
550,Mexico,MEX,2021-07-12,56963
551,Mexico,MEX,2021-07-13,58224
552,Mexico,MEX,2021-07-14,62888
553,Mexico,MEX,2021-07-15,67640
554,Mexico,MEX,2021-07-16,71481
555,Mexico,MEX,2021-07-17,74944
556,Mexico,MEX,2021-07-18,78515
557,Mexico,MEX,2021-07-19,80097
558,Mexico,MEX,2021-07-20,81256
559,Mexico,MEX,2021-07-21,85499
560,Mexico,MEX,2021-07-22,89794
561,Mexico,MEX,2021-07-23,93792
562,Mexico,MEX,2021-07-24,99075
563,Mexico,MEX,2021-07-25,102995
564,Mexico,MEX,2021-07-26,104820
565,Mexico,MEX,2021-07-27,106517
566,Mexico,MEX,2021-07-28,111091
567,Mexico,MEX,2021-07-29,114898
568,Mexico,MEX,2021-07-30,117661
569,Mexico,MEX,2021-07-31,120205
570,Mexico,MEX,2021-08-01,122311
571,Mexico,MEX,2021-08-02,122967
572,Mexico,MEX,2021-08-03,123918
573,Mexico,MEX,2021-08-04,124752
574,Mexico,MEX,2021-08-05,125564
575,Mexico,MEX,2021-08-06,126595
576,Mexico,MEX,2021-08-07,127163
577,Mexico,MEX,2021-08-08,128282
578,Mexico,MEX,2021-08-09,128986
579,Mexico,MEX,2021-08-10,129220
580,Mexico,MEX,2021-08-11,131209
581,Mexico,MEX,2021-08-12,132967
582,Mexico,MEX,2021-08-13,134379
583,Mexico,MEX,2021-08-14,134725
584,Mexico,MEX,2021-08-15,135141
585,Mexico,MEX,2021-08-16,134576
586,Mexico,MEX,2021-08-17,133793
587,Mexico,MEX,2021-08-18,132669
588,Mexico,MEX,2021-08-19,129931
589,Mexico,MEX,2021-08-20,127741
590,Mexico,MEX,2021-08-21,124495
591,Mexico,MEX,2021-08-22,120883
592,Mexico,MEX,2021-08-23,119026
593,Mexico,MEX,2021-08-24,118163
594,Mexico,MEX,2021-08-25,114987
595,Mexico,MEX,2021-08-26,111764
596,Mexico,MEX,2021-08-27,108122
597,Mexico,MEX,2021-08-28,105334
598,Mexico,MEX,2021-08-29,103015
599,Mexico,MEX,2021-08-30,102409
600,Mexico,MEX,2021-08-31,101299
601,Mexico,MEX,2021-09-01,97767
602,Mexico,MEX,2021-09-02,94624
603,Mexico,MEX,2021-09-03,92065
604,Mexico,MEX,2021-09-04,89719
605,Mexico,MEX,2021-09-05,87342
606,Mexico,MEX,2021-09-06,86647
607,Mexico,MEX,2021-09-07,86034
608,Mexico,MEX,2021-09-08,84266
609,Mexico,MEX,2021-09-09,82096
610,Mexico,MEX,2021-09-10,79539
611,Mexico,MEX,2021-09-11,77752
612,Mexico,MEX,2021-09-12,76284
613,Mexico,MEX,2021-09-13,75150
614,Mexico,MEX,2021-09-14,74695
615,Mexico,MEX,2021-09-15,72556
616,Mexico,MEX,2021-09-16,70853
617,Mexico,MEX,2021-09-17,66386
618,Mexico,MEX,2021-09-18,58070
619,Mexico,MEX,2021-09-19,57961
620,Mexico,MEX,2021-09-20,57450
621,Mexico,MEX,2021-09-21,56946
622,Mexico,MEX,2021-09-22,55876
623,Mexico,MEX,2021-09-23,54571
624,Mexico,MEX,2021-09-24,56789
625,Mexico,MEX,2021-09-25,61816
626,Mexico,MEX,2021-09-26,58868
627,Mexico,MEX,2021-09-27,57940
628,Mexico,MEX,2021-09-28,57442
629,Mexico,MEX,2021-09-29,54971
630,Mexico,MEX,2021-09-30,52410
631,Mexico,MEX,2021-10-01,49814
632,Mexico,MEX,2021-10-02,47434
633,Mexico,MEX,2021-10-03,44758
634,Mexico,MEX,2021-10-04,43783
635,Mexico,MEX,2021-10-05,43177
636,Mexico,MEX,2021-10-06,40705
637,Mexico,MEX,2021-10-07,39372
638,Mexico,MEX,2021-10-08,38117
639,Mexico,MEX,2021-10-09,37126
640,Mexico,MEX,2021-10-10,36194
641,Mexico,MEX,2021-10-11,35793
642,Mexico,MEX,2021-10-12,35686
643,Mexico,MEX,2021-10-13,34591
644,Mexico,MEX,2021-10-14,33451
645,Mexico,MEX,2021-10-15,32223
646,Mexico,MEX,2021-10-16,31594
647,Mexico,MEX,2021-10-17,31059
648,Mexico,MEX,2021-10-18,30511
649,Mexico,MEX,2021-10-19,29886
650,Mexico,MEX,2021-10-20,28705
651,Mexico,MEX,2021-10-21,27820
652,Mexico,MEX,2021-10-22,27213
653,Mexico,MEX,2021-10-23,26467
654,Mexico,MEX,2021-10-24,25762
655,Mexico,MEX,2021-10-25,25597
656,Mexico,MEX,2021-10-26,25487
657,Mexico,MEX,2021-10-27,25162
658,Mexico,MEX,2021-10-28,24827
659,Mexico,MEX,2021-10-29,24406
660,Mexico,MEX,2021-10-30,23940
661,Mexico,MEX,2021-10-31,23445
662,Mexico,MEX,2021-11-01,23026
663,Mexico,MEX,2021-11-02,22696
664,Mexico,MEX,2021-11-03,20911
665,Mexico,MEX,2021-11-04,19267
666,Mexico,MEX,2021-11-05,19295
667,Mexico,MEX,2021-11-06,19161
668,Mexico,MEX,2021-11-07,18907
669,Mexico,MEX,2021-11-08,19024
670,Mexico,MEX,2021-11-09,19088
671,Mexico,MEX,2021-11-10,19834
672,Mexico,MEX,2021-11-11,20851
673,Mexico,MEX,2021-11-12,20322
674,Mexico,MEX,2021-11-13,20125
675,Mexico,MEX,2021-11-14,20001
676,Mexico,MEX,2021-11-15,19821
677,Mexico,MEX,2021-11-16,19659
678,Mexico,MEX,2021-11-17,16827
679,Mexico,MEX,2021-11-18,17186
680,Mexico,MEX,2021-11-19,17445
681,Mexico,MEX,2021-11-20,17357
682,Mexico,MEX,2021-11-21,17228
683,Mexico,MEX,2021-11-22,17299
684,Mexico,MEX,2021-11-23,17413
685,Mexico,MEX,2021-11-24,20423
686,Mexico,MEX,2021-11-25,20011
687,Mexico,MEX,2021-11-26,19642
688,Mexico,MEX,2021-11-27,19542
689,Mexico,MEX,2021-11-28,19349
690,Mexico,MEX,2021-11-29,19207
691,Mexico,MEX,2021-11-30,19230
692,Mexico,MEX,2021-12-01,18755
693,Mexico,MEX,2021-12-02,18419
694,Mexico,MEX,2021-12-03,18227
695,Mexico,MEX,2021-12-04,18255
696,Mexico,MEX,2021-12-05,18247
697,Mexico,MEX,2021-12-06,18156
698,Mexico,MEX,2021-12-07,18033
699,Mexico,MEX,2021-12-08,17866
700,Mexico,MEX,2021-12-09,17931
701,Mexico,MEX,2021-12-10,17822
702,Mexico,MEX,2021-12-11,17473
703,Mexico,MEX,2021-12-12,17484
704,Mexico,MEX,2021-12-13,17349
705,Mexico,MEX,2021-12-14,17373
706,Mexico,MEX,2021-12-15,16946
707,Mexico,MEX,2021-12-16,16525
708,Mexico,MEX,2021-12-17,16418
709,Mexico,MEX,2021-12-18,16374
710,Mexico,MEX,2021-12-19,16128
711,Mexico,MEX,2021-12-20,16358
712,Mexico,MEX,2021-12-21,16439
713,Mexico,MEX,2021-12-22,16937
714,Mexico,MEX,2021-12-23,17752
715,Mexico,MEX,2021-12-24,18863
716,Mexico,MEX,2021-12-25,20227
717,Mexico,MEX,2021-12-26,21003
718,Mexico,MEX,2021-12-27,20960
719,Mexico,MEX,2021-12-28,21985
720,Mexico,MEX,2021-12-29,26425
721,Mexico,MEX,2021-12-30,32607
722,Mexico,MEX,2021-12-31,40295
723,Mexico,MEX,2022-01-01,48941
724,Mexico,MEX,2022-01-02,56920
725,Mexico,MEX,2022-01-03,59564
726,Mexico,MEX,2022-01-04,63420
727,Mexico,MEX,2022-01-05,79459
728,Mexico,MEX,2022-01-06,101958
729,Mexico,MEX,2022-01-07,129477
730,Mexico,MEX,2022-01-08,159417
731,Mexico,MEX,2022-01-09,194803
732,Mexico,MEX,2022-01-10,213726
733,Mexico,MEX,2022-01-11,226923
734,Mexico,MEX,2022-01-12,271627
735,Mexico,MEX,2022-01-13,311197
736,Mexico,MEX,2022-01-14,347735
737,Mexico,MEX,2022-01-15,379993
738,Mexico,MEX,2022-01-16,406782
739,Mexico,MEX,2022-01-17,415579
740,Mexico,MEX,2022-01-18,420395
741,Mexico,MEX,2022-01-19,432694
742,Mexico,MEX,2022-01-20,436099
743,Mexico,MEX,2022-01-21,431530
744,Mexico,MEX,2022-01-22,422294
745,Mexico,MEX,2022-01-23,406815
746,Mexico,MEX,2022-01-24,400629
747,Mexico,MEX,2022-01-25,395769
748,Mexico,MEX,2022-01-26,376805
749,Mexico,MEX,2022-01-27,352878
750,Mexico,MEX,2022-01-28,328336
751,Mexico,MEX,2022-01-29,304124
752,Mexico,MEX,2022-01-30,282729
753,Mexico,MEX,2022-01-31,274097
754,Mexico,MEX,2022-02-01,267515
755,Mexico,MEX,2022-02-02,242687
756,Mexico,MEX,2022-02-03,220822
757,Mexico,MEX,2022-02-04,201169
758,Mexico,MEX,2022-02-05,182985
759,Mexico,MEX,2022-02-06,166547
760,Mexico,MEX,2022-02-07,158825
761,Mexico,MEX,2022-02-08,152979
762,Mexico,MEX,2022-02-09,125155
763,Mexico,MEX,2022-02-10,115673
764,Mexico,MEX,2022-02-11,103696
765,Mexico,MEX,2022-02-12,94041
766,Mexico,MEX,2022-02-13,86372
767,Mexico,MEX,2022-02-14,83300
768,Mexico,MEX,2022-02-15,81605
769,Mexico,MEX,2022-02-16,85300
770,Mexico,MEX,2022-02-17,75656
771,Mexico,MEX,2022-02-18,70392
772,Mexico,MEX,2022-02-19,65961
773,Mexico,MEX,2022-02-20,61576
774,Mexico,MEX,2022-02-21,59368
775,Mexico,MEX,2022-02-22,57646
776,Mexico,MEX,2022-02-23,52427
777,Mexico,MEX,2022-02-24,48462
778,Mexico,MEX,2022-02-25,44724
779,Mexico,MEX,2022-02-26,40922
780,Mexico,MEX,2022-02-27,37281
781,Mexico,MEX,2022-02-28,35386
782,Mexico,MEX,2022-03-01,33731
783,Mexico,MEX,2022-03-02,30824
784,Mexico,MEX,2022-03-03,28039
785,Mexico,MEX,2022-03-04,25246
786,Mexico,MEX,2022-03-05,23047
787,Mexico,MEX,2022-03-06,21369
788,Mexico,MEX,2022-03-07,20718
789,Mexico,MEX,2022-03-08,20100
790,Mexico,MEX,2022-03-09,17872
791,Mexico,MEX,2022-03-10,16704
792,Mexico,MEX,2022-03-11,15969
793,Mexico,MEX,2022-03-12,14977
794,Mexico,MEX,2022-03-13,14069
795,Mexico,MEX,2022-03-14,13701
796,Mexico,MEX,2022-03-15,13481
797,Mexico,MEX,2022-03-16,12719
798,Mexico,MEX,2022-03-17,12176
799,Mexico,MEX,2022-03-18,11359
800,Mexico,MEX,2022-03-19,10616
801,Mexico,MEX,2022-03-20,10068
802,Mexico,MEX,2022-03-21,9843
803,Mexico,MEX,2022-03-22,9491
804,Mexico,MEX,2022-03-23,7814
805,Mexico,MEX,2022-03-24,7586
806,Mexico,MEX,2022-03-25,7347
807,Mexico,MEX,2022-03-26,7090
808,Mexico,MEX,2022-03-27,6920
809,Mexico,MEX,2022-03-28,6824
810,Mexico,MEX,2022-03-29,6850
811,Mexico,MEX,2022-03-30,7724
812,Mexico,MEX,2022-03-31,7289
813,Mexico,MEX,2022-04-01,7120
814,Mexico,MEX,2022-04-02,6919
815,Mexico,MEX,2022-04-03,6523
816,Mexico,MEX,2022-04-04,6444
817,Mexico,MEX,2022-04-05,6368
818,Mexico,MEX,2022-04-06,5935
819,Mexico,MEX,2022-04-07,5482
820,Mexico,MEX,2022-04-08,5092
821,Mexico,MEX,2022-04-09,4793
822,Mexico,MEX,2022-04-10,4757
823,Mexico,MEX,2022-04-11,4729
824,Mexico,MEX,2022-04-12,4709
825,Mexico,MEX,2022-04-13,4481
826,Mexico,MEX,2022-04-14,4345
827,Mexico,MEX,2022-04-15,4189
828,Mexico,MEX,2022-04-16,3698
829,Mexico,MEX,2022-04-17,3205
830,Mexico,MEX,2022-04-18,3102
831,Mexico,MEX,2022-04-19,3069
832,Mexico,MEX,2022-04-20,3154
833,Mexico,MEX,2022-04-21,3086
834,Mexico,MEX,2022-04-22,3200
835,Mexico,MEX,2022-04-23,3510
836,Mexico,MEX,2022-04-24,3846
837,Mexico,MEX,2022-04-25,3905
838,Mexico,MEX,2022-04-26,4006
839,Mexico,MEX,2022-04-27,3983
840,Mexico,MEX,2022-04-28,4065
841,Mexico,MEX,2022-04-29,3981
842,Mexico,MEX,2022-04-30,4018
843,Mexico,MEX,2022-05-01,3993
844,Mexico,MEX,2022-05-02,3965
845,Mexico,MEX,2022-05-03,3858
846,Mexico,MEX,2022-05-04,3852
847,Mexico,MEX,2022-05-05,3961
848,Mexico,MEX,2022-05-06,4045
849,Mexico,MEX,2022-05-07,4099
850,Mexico,MEX,2022-05-08,4324
851,Mexico,MEX,2022-05-09,4375
852,Mexico,MEX,2022-05-10,4436
853,Mexico,MEX,2022-05-11,4658
854,Mexico,MEX,2022-05-12,4371
855,Mexico,MEX,2022-05-13,4759
856,Mexico,MEX,2022-05-14,5146
857,Mexico,MEX,2022-05-15,5359
858,Mexico,MEX,2022-05-16,5462
859,Mexico,MEX,2022-05-17,5514
860,Mexico,MEX,2022-05-18,5847
861,Mexico,MEX,2022-05-19,6659
862,Mexico,MEX,2022-05-20,6935
863,Mexico,MEX,2022-05-21,7319
864,Mexico,MEX,2022-05-22,7750
865,Mexico,MEX,2022-05-23,7946
866,Mexico,MEX,2022-05-24,8190
867,Mexico,MEX,2022-05-25,9079
868,Mexico,MEX,2022-05-26,9871
869,Mexico,MEX,2022-05-27,10771
870,Mexico,MEX,2022-05-28,11494
871,Mexico,MEX,2022-05-29,12237
872,Mexico,MEX,2022-05-30,12568
873,Mexico,MEX,2022-05-31,12865
874,Mexico,MEX,2022-06-01,14034
875,Mexico,MEX,2022-06-02,15381
876,Mexico,MEX,2022-06-03,16726
877,Mexico,MEX,2022-06-04,18033
878,Mexico,MEX,2022-06-05,19550
879,Mexico,MEX,2022-06-06,20185
880,Mexico,MEX,2022-06-07,20665
881,Mexico,MEX,2022-06-08,23395
882,Mexico,MEX,2022-06-09,25725
883,Mexico,MEX,2022-06-10,28674
884,Mexico,MEX,2022-06-11,31565
885,Mexico,MEX,2022-06-12,34371
886,Mexico,MEX,2022-06-13,35428
887,Mexico,MEX,2022-06-14,36336
888,Mexico,MEX,2022-06-15,40175
889,Mexico,MEX,2022-06-16,43946
890,Mexico,MEX,2022-06-17,47540
891,Mexico,MEX,2022-06-18,51189
892,Mexico,MEX,2022-06-19,55313
893,Mexico,MEX,2022-06-20,57150
894,Mexico,MEX,2022-06-21,58619
895,Mexico,MEX,2022-06-22,65537
896,Mexico,MEX,2022-06-23,72710
897,Mexico,MEX,2022-06-24,80516
898,Mexico,MEX,2022-06-25,88907
899,Mexico,MEX,2022-06-26,97266
900,Mexico,MEX,2022-06-27,100595
901,Mexico,MEX,2022-06-28,104029
902,Mexico,MEX,2022-06-29,115091
903,Mexico,MEX,2022-06-30,125306
904,Mexico,MEX,2022-07-01,134856
905,Mexico,MEX,2022-07-02,144278
906,Mexico,MEX,2022-07-03,152465
907,Mexico,MEX,2022-07-04,155797
908,Mexico,MEX,2022-07-05,158262
909,Mexico,MEX,2022-07-06,168027
910,Mexico,MEX,2022-07-07,177084
911,Mexico,MEX,2022-07-08,185973
912,Mexico,MEX,2022-07-09,193853
913,Mexico,MEX,2022-07-10,200105
914,Mexico,MEX,2022-07-11,202279
915,Mexico,MEX,2022-07-12,204283
916,Mexico,MEX,2022-07-13,211049
917,Mexico,MEX,2022-07-14,214679
918,Mexico,MEX,2022-07-15,215771
919,Mexico,MEX,2022-07-16,215451
920,Mexico,MEX,2022-07-17,213873
921,Mexico,MEX,2022-07-18,212985
922,Mexico,MEX,2022-07-19,211703
923,Mexico,MEX,2022-07-20,206000
924,Mexico,MEX,2022-07-21,199332
925,Mexico,MEX,2022-07-22,193614
926,Mexico,MEX,2022-07-23,186595
927,Mexico,MEX,2022-07-24,179987
928,Mexico,MEX,2022-07-25,177214
929,Mexico,MEX,2022-07-26,174364
930,Mexico,MEX,2022-07-27,164005
931,Mexico,MEX,2022-07-28,154017
932,Mexico,MEX,2022-07-29,142728
933,Mexico,MEX,2022-07-30,132116
934,Mexico,MEX,2022-07-31,122038
935,Mexico,MEX,2022-08-01,118347
936,Mexico,MEX,2022-08-02,115866
937,Mexico,MEX,2022-08-03,106292
938,Mexico,MEX,2022-08-04,97707
939,Mexico,MEX,2022-08-05,90488
940,Mexico,MEX,2022-08-06,84796
941,Mexico,MEX,2022-08-07,80263
942,Mexico,MEX,2022-08-08,78341
943,Mexico,MEX,2022-08-09,76588
944,Mexico,MEX,2022-08-10,70767
945,Mexico,MEX,2022-08-11,66217
946,Mexico,MEX,2022-08-12,61830
947,Mexico,MEX,2022-08-13,57515
948,Mexico,MEX,2022-08-14,53654
949,Mexico,MEX,2022-08-15,52098
950,Mexico,MEX,2022-08-16,50967
951,Mexico,MEX,2022-08-17,46083
952,Mexico,MEX,2022-08-18,42113
953,Mexico,MEX,2022-08-19,38526
954,Mexico,MEX,2022-08-20,35607
955,Mexico,MEX,2022-08-21,33244
956,Mexico,MEX,2022-08-22,32494
957,Mexico,MEX,2022-08-23,31877
958,Mexico,MEX,2022-08-24,29286
959,Mexico,MEX,2022-08-25,27536
960,Mexico,MEX,2022-08-26,25946
961,Mexico,MEX,2022-08-27,24393
962,Mexico,MEX,2022-08-28,22956
963,Mexico,MEX,2022-08-29,22388
964,Mexico,MEX,2022-08-30,21974
965,Mexico,MEX,2022-08-31,20186
966,Mexico,MEX,2022-09-01,19135
967,Mexico,MEX,2022-09-02,17979
968,Mexico,MEX,2022-09-03,17135
969,Mexico,MEX,2022-09-04,16411
970,Mexico,MEX,2022-09-05,16234
971,Mexico,MEX,2022-09-06,16020
972,Mexico,MEX,2022-09-07,14952
973,Mexico,MEX,2022-09-08,13984
974,Mexico,MEX,2022-09-09,13250
975,Mexico,MEX,2022-09-10,12580
976,Mexico,MEX,2022-09-11,12055
977,Mexico,MEX,2022-09-12,11724
978,Mexico,MEX,2022-09-13,11424
979,Mexico,MEX,2022-09-14,10945
980,Mexico,MEX,2022-09-15,10476
981,Mexico,MEX,2022-09-16,10011
982,Mexico,MEX,2022-09-17,8973
983,Mexico,MEX,2022-09-18,7691
984,Mexico,MEX,2022-09-19,7525
985,Mexico,MEX,2022-09-20,7325
986,Mexico,MEX,2022-09-21,6908
987,Mexico,MEX,2022-09-22,6734
988,Mexico,MEX,2022-09-23,6641
989,Mexico,MEX,2022-09-24,7045
990,Mexico,MEX,2022-09-25,7673
991,Mexico,MEX,2022-09-26,7629
992,Mexico,MEX,2022-09-27,7575
993,Mexico,MEX,2022-09-28,7033
994,Mexico,MEX,2022-09-29,6529
995,Mexico,MEX,2022-09-30,6029
996,Mexico,MEX,2022-10-01,5605
997,Mexico,MEX,2022-10-02,5199
998,Mexico,MEX,2022-10-03,5098
999,Mexico,MEX,2022-10-04,5007
1000,Mexico,MEX,2022-10-05,4596
1001,Mexico,MEX,2022-10-06,4313
1002,Mexico,MEX,2022-10-07,4165
1003,Mexico,MEX,2022-10-08,4035
1004,Mexico,MEX,2022-10-09,3878
1005,Mexico,MEX,2022-10-10,3731
1006,Mexico,MEX,2022-10-11,3651
1007,Mexico,MEX,2022-10-12,3388
1008,Mexico,MEX,2022-10-13,3266
1009,Mexico,MEX,2022-10-14,3068
1010,Mexico,MEX,2022-10-15,2948
1011,Mexico,MEX,2022-10-16,2867
1012,Mexico,MEX,2022-10-17,2839
1013,Mexico,MEX,2022-10-18,2832
1014,Mexico,MEX,2022-10-19,2785
1015,Mexico,MEX,2022-10-20,2701
1016,Mexico,MEX,2022-10-21,2704
1017,Mexico,MEX,2022-10-22,2670
1018,Mexico,MEX,2022-10-23,2657
1019,Mexico,MEX,2022-10-24,2659
1020,Mexico,MEX,2022-10-25,2621
1021,Mexico,MEX,2022-10-26,2666
1022,Mexico,MEX,2022-10-27,2692
1023,Mexico,MEX,2022-10-28,2763
1024,Mexico,MEX,2022-10-29,2782
1025,Mexico,MEX,2022-10-30,2840
1026,Mexico,MEX,2022-10-31,2843
1027,Mexico,MEX,2022-11-01,2818
1028,Mexico,MEX,2022-11-02,2774
1029,Mexico,MEX,2022-11-03,2752
1030,Mexico,MEX,2022-11-04,2609
1031,Mexico,MEX,2022-11-05,2812
1032,Mexico,MEX,2022-11-06,2896
1033,Mexico,MEX,2022-11-07,2954
1034,Mexico,MEX,2022-11-08,3052
1035,Mexico,MEX,2022-11-09,3367
1036,Mexico,MEX,2022-11-10,3660
1037,Mexico,MEX,2022-11-11,4056
1038,Mexico,MEX,2022-11-12,4231
1039,Mexico,MEX,2022-11-13,4403
1040,Mexico,MEX,2022-11-14,4450
1041,Mexico,MEX,2022-11-15,4512
1042,Mexico,MEX,2022-11-16,4706
1043,Mexico,MEX,2022-11-17,4968
1044,Mexico,MEX,2022-11-18,5227
1045,Mexico,MEX,2022-11-19,5371
1046,Mexico,MEX,2022-11-20,5670
1047,Mexico,MEX,2022-11-21,5712
1048,Mexico,MEX,2022-11-22,5748
1049,Mexico,MEX,2022-11-23,5083
1050,Mexico,MEX,2022-11-24,5693
1051,Mexico,MEX,2022-11-25,6255
1052,Mexico,MEX,2022-11-26,6875
1053,Mexico,MEX,2022-11-27,7419
1054,Mexico,MEX,2022-11-28,7700
1055,Mexico,MEX,2022-11-29,7945
1056,Mexico,MEX,2022-11-30,10047
1057,Mexico,MEX,2022-12-01,10780
1058,Mexico,MEX,2022-12-02,11388
1059,Mexico,MEX,2022-12-03,12153
1060,Mexico,MEX,2022-12-04,12749
1061,Mexico,MEX,2022-12-05,13001
1062,Mexico,MEX,2022-12-06,13241
1063,Mexico,MEX,2022-12-07,14424
1064,Mexico,MEX,2022-12-08,15611
1065,Mexico,MEX,2022-12-09,17075
1066,Mexico,MEX,2022-12-10,18158
1067,Mexico,MEX,2022-12-11,19203
1068,Mexico,MEX,2022-12-12,19695
1069,Mexico,MEX,2022-12-13,20054
1070,Mexico,MEX,2022-12-14,21200
1071,Mexico,MEX,2022-12-15,22628
1072,Mexico,MEX,2022-12-16,24104
1073,Mexico,MEX,2022-12-17,25519
1074,Mexico,MEX,2022-12-18,26720
1075,Mexico,MEX,2022-12-19,27175
1076,Mexico,MEX,2022-12-20,27425
1077,Mexico,MEX,2022-12-21,29304
1078,Mexico,MEX,2022-12-22,30892
1079,Mexico,MEX,2022-12-23,32096
1080,Mexico,MEX,2022-12-24,33292
1081,Mexico,MEX,2022-12-25,33950
1082,Mexico,MEX,2022-12-26,33563
1083,Mexico,MEX,2022-12-27,33016
1084,Mexico,MEX,2022-12-28,32843
1085,Mexico,MEX,2022-12-29,32174
1086,Mexico,MEX,2022-12-30,31805
1087,Mexico,MEX,2022-12-31,31080
1088,Mexico,MEX,2023-01-01,30816
1089,Mexico,MEX,2023-01-02,30950
1090,Mexico,MEX,2023-01-03,31133
1091,Mexico,MEX,2023-01-04,30982
1092,Mexico,MEX,2023-01-05,31276
1093,Mexico,MEX,2023-01-06,31571
1094,Mexico,MEX,2023-01-07,31831
1095,Mexico,MEX,2023-01-08,31932
1096,Mexico,MEX,2023-01-09,32165
1097,Mexico,MEX,2023-01-10,32723
1098,Mexico,MEX,2023-01-11,33129
1099,Mexico,MEX,2023-01-12,32559
1100,Mexico,MEX,2023-01-13,31456
1101,Mexico,MEX,2023-01-14,30483
1102,Mexico,MEX,2023-01-15,29637
1103,Mexico,MEX,2023-01-16,29345
1104,Mexico,MEX,2023-01-17,29060
1105,Mexico,MEX,2023-01-18,27696
1106,Mexico,MEX,2023-01-19,26662
1107,Mexico,MEX,2023-01-20,26094
1108,Mexico,MEX,2023-01-21,25673
1109,Mexico,MEX,2023-01-22,25514
1110,Mexico,MEX,2023-01-23,25483
1111,Mexico,MEX,2023-01-24,25357
1112,Mexico,MEX,2023-01-25,25267
1113,Mexico,MEX,2023-01-26,25051
1114,Mexico,MEX,2023-01-27,24584
1115,Mexico,MEX,2023-01-28,24269
1116,Mexico,MEX,2023-01-29,23596
1117,Mexico,MEX,2023-01-30,23377
1118,Mexico,MEX,2023-01-31,23238
1119,Mexico,MEX,2023-02-01,22580
1120,Mexico,MEX,2023-02-02,21919
1121,Mexico,MEX,2023-02-03,21343
1122,Mexico,MEX,2023-02-04,20812
1123,Mexico,MEX,2023-02-05,20573
1124,Mexico,MEX,2023-02-06,20420
1125,Mexico,MEX,2023-02-07,20156
1126,Mexico,MEX,2023-02-08,16663
1127,Mexico,MEX,2023-02-09,17643
1128,Mexico,MEX,2023-02-10,18126
1129,Mexico,MEX,2023-02-11,18348
1130,Mexico,MEX,2023-02-12,18694
1131,Mexico,MEX,2023-02-13,18781
1132,Mexico,MEX,2023-02-14,18946
1133,Mexico,MEX,2023-02-15,22037
1134,Mexico,MEX,2023-02-16,20722
1135,Mexico,MEX,2023-02-17,20194
1136,Mexico,MEX,2023-02-18,19984
1137,Mexico,MEX,2023-02-19,19702
1138,Mexico,MEX,2023-02-20,19612
1139,Mexico,MEX,2023-02-21,19672
1140,Mexico,MEX,2023-02-22,19693
1141,Mexico,MEX,2023-02-23,20091
1142,Mexico,MEX,2023-02-24,20272
1143,Mexico,MEX,2023-02-25,20322
1144,Mexico,MEX,2023-02-26,20305
1145,Mexico,MEX,2023-02-27,20274
1146,Mexico,MEX,2023-02-28,20201
1147,Mexico,MEX,2023-03-01,20241
1148,Mexico,MEX,2023-03-02,19989
1149,Mexico,MEX,2023-03-03,19697
1150,Mexico,MEX,2023-03-04,19437
1151,Mexico,MEX,2023-03-05,19418
1152,Mexico,MEX,2023-03-06,19339
1153,Mexico,MEX,2023-03-07,19301
1154,Mexico,MEX,2023-03-08,19481
1155,Mexico,MEX,2023-03-09,19666
1156,Mexico,MEX,2023-03-10,19862
1157,Mexico,MEX,2023-03-11,20142
1158,Mexico,MEX,2023-03-12,20313
1159,Mexico,MEX,2023-03-13,20436
1160,Mexico,MEX,2023-03-14,20443
1161,Mexico,MEX,2023-03-15,20437
1162,Mexico,MEX,2023-03-16,20327
1163,Mexico,MEX,2023-03-17,20014
1164,Mexico,MEX,2023-03-18,19576
1165,Mexico,MEX,2023-03-19,19021
1166,Mexico,MEX,2023-03-20,18808
1167,Mexico,MEX,2023-03-21,18542
1168,Mexico,MEX,2023-03-22,14891
1169,Mexico,MEX,2023-03-23,15130
1170,Mexico,MEX,2023-03-24,15223
1171,Mexico,MEX,2023-03-25,15350
1172,Mexico,MEX,2023-03-26,15357
1173,Mexico,MEX,2023-03-27,15412
1174,Mexico,MEX,2023-03-28,15538
1175,Mexico,MEX,2023-03-29,18204
1176,Mexico,MEX,2023-03-30,17246
1177,Mexico,MEX,2023-03-31,16467
1178,Mexico,MEX,2023-04-01,15692
1179,Mexico,MEX,2023-04-02,15113
1180,Mexico,MEX,2023-04-03,14198
1181,Mexico,MEX,2023-04-04,13448
1182,Mexico,MEX,2023-04-05,9872
1183,Mexico,MEX,2023-04-06,6985
1184,Mexico,MEX,2023-04-07,4371
1185,Mexico,MEX,2023-04-08,2035
1186,Mexico,MEX,2023-04-09,8608
1187,Mexico,MEX,2023-04-10,8608
1188,Mexico,MEX,2023-04-11,8608
1189,Mexico,MEX,2023-04-12,8608
1190,Mexico,MEX,2023-04-13,8608
1191,Mexico,MEX,2023-04-14,8608
1192,Mexico,MEX,2023-04-15,8608
1193,Mexico,MEX,2023-04-16,9869
1194,Mexico,MEX,2023-04-17,9869
1195,Mexico,MEX,2023-04-18,9869
1196,Mexico,MEX,2023-04-19,9869
1197,Mexico,MEX,2023-04-20,9869
1198,Mexico,MEX,2023-04-21,9869
1199,Mexico,MEX,2023-04-22,9869
1200,Mexico,MEX,2023-04-23,9401
1201,Mexico,MEX,2023-04-24,9401
1202,Mexico,MEX,2023-04-25,9401
1203,Mexico,MEX,2023-04-26,9401
1204,Mexico,MEX,2023-04-27,9401
1205,Mexico,MEX,2023-04-28,9401
1206,Mexico,MEX,2023-04-29,9401
1207,Mexico,MEX,2023-04-30,9419
1208,Mexico,MEX,2023-05-01,9419
1209,Mexico,MEX,2023-05-02,9419
1210,Mexico,MEX,2023-05-03,9419
1211,Mexico,MEX,2023-05-04,9419
1212,Mexico,MEX,2023-05-05,9419
1213,Mexico,MEX,2023-05-06,9419
1214,Mexico,MEX,2023-05-07,8109
1215,Mexico,MEX,2023-05-08,8109
1216,Mexico,MEX,2023-05-09,8109
1217,Mexico,MEX,2023-05-10,8109
1218,Mexico,MEX,2023-05-11,8109
1219,Mexico,MEX,2023-05-12,8109
1220,Mexico,MEX,2023-05-13,8109
1221,Mexico,MEX,2023-05-14,7429
1222,Mexico,MEX,2023-05-15,7429
1223,Mexico,MEX,2023-05-16,7429
1224,Mexico,MEX,2023-05-17,7429
1225,Mexico,MEX,2023-05-18,7429
1226,Mexico,MEX,2023-05-19,7429
1227,Mexico,MEX,2023-05-20,7429
1228,Mexico,MEX,2023-05-21,0
1229,Mexico,MEX,2023-05-22,0
1230,Mexico,MEX,2023-05-23,0
1231,Mexico,MEX,2023-05-24,0
1232,Mexico,MEX,2023-05-25,0
1233,Mexico,MEX,2023-05-26,0
1234,Mexico,MEX,2023-05-27,0
1235,Mexico,MEX,2023-05-28,0
1236,Mexico,MEX,2023-05-29,0
1237,Mexico,MEX,2023-05-30,0
1238,Mexico,MEX,2023-05-31,0
1239,Mexico,MEX,2023-06-01,0
1240,Mexico,MEX,2023-06-02,0
1241,Mexico,MEX,2023-06-03,0
1242,Mexico,MEX,2023-06-04,0
1243,Mexico,MEX,2023-06-05,0
1244,Mexico,MEX,2023-06-06,0
1245,Mexico,MEX,2023-06-07,0
1246,Mexico,MEX,2023-06-08,0
1247,Mexico,MEX,2023-06-09,0
1248,Mexico,MEX,2023-06-10,0
1249,Mexico,MEX,2023-06-11,0
1250,Mexico,MEX,2023-06-12,0
1251,Mexico,MEX,2023-06-13,0
1252,Mexico,MEX,2023-06-14,0
1253,Mexico,MEX,2023-06-15,0
1254,Mexico,MEX,2023-06-16,0
1255,Mexico,MEX,2023-06-17,0
1256,Mexico,MEX,2023-06-18,0
1257,Mexico,MEX,2023-06-19,0
1258,Mexico,MEX,2023-06-20,0
1259,Mexico,MEX,2023-06-21,0
1260,Mexico,MEX,2023-06-22,0
1261,Mexico,MEX,2023-06-23,0
1262,Mexico,MEX,2023-06-24,0
1263,Mexico,MEX,2023-06-25,0
1264,Mexico,MEX,2023-06-26,0
1265,Mexico,MEX,2023-06-27,0
1266,Mexico,MEX,2023-06-28,0
1267,Mexico,MEX,2023-06-29,0
1268,Mexico,MEX,2023-06-30,0
1269,Mexico,MEX,2023-07-01,0
1270,Mexico,MEX,2023-07-02,0
1271,Mexico,MEX,2023-07-03,0
1272,Mexico,MEX,2023-07-04,0
1273,Mexico,MEX,2023-07-05,0
1274,Mexico,MEX,2023-07-06,0
1275,Mexico,MEX,2023-07-07,0
1276,Mexico,MEX,2023-07-08,0
1277,Mexico,MEX,2023-07-09,0
1278,Mexico,MEX,2023-07-10,0
1279,Mexico,MEX,2023-07-11,0
1280,Mexico,MEX,2023-07-12,0
1281,Mexico,MEX,2023-07-13,0
1282,Mexico,MEX,2023-07-14,0
1283,Mexico,MEX,2023-07-15,0
1284,Mexico,MEX,2023-07-16,0
1285,Mexico,MEX,2023-07-17,0
1286,Mexico,MEX,2023-07-18,0
1287,Mexico,MEX,2023-07-19,0
1288,Mexico,MEX,2023-07-20,0
1289,Mexico,MEX,2023-07-21,0
1290,Mexico,MEX,2023-07-22,0
1291,Mexico,MEX,2023-07-23,0
1292,Mexico,MEX,2023-07-24,0
1293,Mexico,MEX,2023-07-25,0
1294,Mexico,MEX,2023-07-26,0
1295,Mexico,MEX,2023-07-27,0
1296,Mexico,MEX,2023-07-28,0
1297,Mexico,MEX,2023-07-29,0
1298,Mexico,MEX,2023-07-30,0
1299,Mexico,MEX,2023-07-31,0
1300,Mexico,MEX,2023-08-01,0
1301,Mexico,MEX,2023-08-02,0
1302,Mexico,MEX,2023-08-03,0
1303,Mexico,MEX,2023-08-04,0
1304,Mexico,MEX,2023-08-05,0
1305,Mexico,MEX,2023-08-06,0
1306,Mexico,MEX,2023-08-07,0
1307,Mexico,MEX,2023-08-08,0
1308,Mexico,MEX,2023-08-09,0
1309,Mexico,MEX,2023-08-10,0
1310,Mexico,MEX,2023-08-11,0
1311,Mexico,MEX,2023-08-12,0
1312,Mexico,MEX,2023-08-13,0
1313,Mexico,MEX,2023-08-14,0
1314,Mexico,MEX,2023-08-15,0
1315,Mexico,MEX,2023-08-16,0
1316,Mexico,MEX,2023-08-17,0
1317,Mexico,MEX,2023-08-18,0
1318,Mexico,MEX,2023-08-19,0
1319,Mexico,MEX,2023-08-20,0
1320,Mexico,MEX,2023-08-21,0
1321,Mexico,MEX,2023-08-22,0
1322,Mexico,MEX,2023-08-23,0
1323,Mexico,MEX,2023-08-24,0
1324,Mexico,MEX,2023-08-25,0
1325,Mexico,MEX,2023-08-26,0
1326,Mexico,MEX,2023-08-27,0
1327,Mexico,MEX,2023-08-28,0
1328,Mexico,MEX,2023-08-29,0
1329,Mexico,MEX,2023-08-30,0
1330,Mexico,MEX,2023-08-31,0
1331,Mexico,MEX,2023-09-01,0
1332,Mexico,MEX,2023-09-02,0
1333,Mexico,MEX,2023-09-03,0
1334,Mexico,MEX,2023-09-04,0
1335,Mexico,MEX,2023-09-05,0
1336,Mexico,MEX,2023-09-06,0
1337,Mexico,MEX,2023-09-07,0
1338,Mexico,MEX,2023-09-08,0
1339,Mexico,MEX,2023-09-09,0
1340,Mexico,MEX,2023-09-10,0
1341,Mexico,MEX,2023-09-11,0
1342,Mexico,MEX,2023-09-12,0
1343,Mexico,MEX,2023-09-13,0
1344,Mexico,MEX,2023-09-14,0
1345,Mexico,MEX,2023-09-15,0
1346,Mexico,MEX,2023-09-16,0
1347,Mexico,MEX,2023-09-17,0
1348,Mexico,MEX,2023-09-18,0
1349,Mexico,MEX,2023-09-19,0
1350,Mexico,MEX,2023-09-20,0
1351,Mexico,MEX,2023-09-21,0
1352,Mexico,MEX,2023-09-22,0
1353,Mexico,MEX,2023-09-23,0
1354,Mexico,MEX,2023-09-24,0
1355,Mexico,MEX,2023-09-25,0
1356,Mexico,MEX,2023-09-26,0
1357,Mexico,MEX,2023-09-27,0
1358,Mexico,MEX,2023-09-28,0
1359,Mexico,MEX,2023-09-29,0
1360,Mexico,MEX,2023-09-30,0
1361,Mexico,MEX,2023-10-01,0
1362,Mexico,MEX,2023-10-02,0
1363,Mexico,MEX,2023-10-03,0
1364,Mexico,MEX,2023-10-04,0
1365,Mexico,MEX,2023-10-05,0
1366,Mexico,MEX,2023-10-06,0
1367,Mexico,MEX,2023-10-07,0
1368,Mexico,MEX,2023-10-08,0
1369,Mexico,MEX,2023-10-09,0
1370,Mexico,MEX,2023-10-10,0
1371,Mexico,MEX,2023-10-11,0
1372,Mexico,MEX,2023-10-12,0
1373,Mexico,MEX,2023-10-13,0
1374,Mexico,MEX,2023-10-14,0
1375,Mexico,MEX,2023-10-15,0
1376,Mexico,MEX,2023-10-16,0
1377,Mexico,MEX,2023-10-17,0
1378,Mexico,MEX,2023-10-18,0
1379,Mexico,MEX,2023-10-19,0
1380,Mexico,MEX,2023-10-20,0
1381,Mexico,MEX,2023-10-21,0
1382,Mexico,MEX,2023-10-22,0
1383,Mexico,MEX,2023-10-23,0
1384,Mexico,MEX,2023-10-24,0
1385,Mexico,MEX,2023-10-25,0
1386,Mexico,MEX,2023-10-26,0
1387,Mexico,MEX,2023-10-27,0
1388,Mexico,MEX,2023-10-28,0
1389,Mexico,MEX,2023-10-29,0
1390,Mexico,MEX,2023-10-30,0
1391,Mexico,MEX,2023-10-31,0
1392,Mexico,MEX,2023-11-01,0
1393,Mexico,MEX,2023-11-02,0
1394,Mexico,MEX,2023-11-03,0
1395,Mexico,MEX,2023-11-04,0
1396,Mexico,MEX,2023-11-05,0
1397,Mexico,MEX,2023-11-06,0
1398,Mexico,MEX,2023-11-07,0
1399,Mexico,MEX,2023-11-08,0
1400,Mexico,MEX,2023-11-09,0
1401,Mexico,MEX,2023-11-10,0
1402,Mexico,MEX,2023-11-11,0
1403,Mexico,MEX,2023-11-12,0
1404,Mexico,MEX,2023-11-13,0
1405,Mexico,MEX,2023-11-14,0
1406,Mexico,MEX,2023-11-15,0
1407,Mexico,MEX,2023-11-16,0
1408,Mexico,MEX,2023-11-17,0
1409,Mexico,MEX,2023-11-18,0
1410,Mexico,MEX,2023-11-19,0
1411,Mexico,MEX,2023-11-20,0
1412,Mexico,MEX,2023-11-21,0
1413,Mexico,MEX,2023-11-22,0
1414,Mexico,MEX,2023-11-23,0
1415,Mexico,MEX,2023-11-24,0
1416,Mexico,MEX,2023-11-25,0
1417,Mexico,MEX,2023-11-26,0
1418,Mexico,MEX,2023-11-27,0
1419,Mexico,MEX,2023-11-28,0
1420,Mexico,MEX,2023-11-29,0
1421,Mexico,MEX,2023-11-30,0
1422,Mexico,MEX,2023-12-01,0
1423,Mexico,MEX,2023-12-02,0
1424,Mexico,MEX,2023-12-03,0
1425,Mexico,MEX,2023-12-04,0
1426,Mexico,MEX,2023-12-05,0
1427,Mexico,MEX,2023-12-06,0
1428,Mexico,MEX,2023-12-07,0
1429,Mexico,MEX,2023-12-08,0
1430,Mexico,MEX,2023-12-09,0
1431,Mexico,MEX,2023-12-10,0
1432,Mexico,MEX,2023-12-11,0
1433,Mexico,MEX,2023-12-12,0
1434,Mexico,MEX,2023-12-13,0
1435,Mexico,MEX,2023-12-14,0
1436,Mexico,MEX,2023-12-15,0
1437,Mexico,MEX,2023-12-16,0
1438,Mexico,MEX,2023-12-17,0
1439,Mexico,MEX,2023-12-18,0
1440,Mexico,MEX,2023-12-19,0
1441,Mexico,MEX,2023-12-20,0
1442,Mexico,MEX,2023-12-21,0
1443,Mexico,MEX,2023-12-22,0
1444,Mexico,MEX,2023-12-23,0
1445,Mexico,MEX,2023-12-24,0
1446,Mexico,MEX,2023-12-25,0
1447,Mexico,MEX,2023-12-26,0
1448,Mexico,MEX,2023-12-27,0
1449,Mexico,MEX,2023-12-28,0
1450,Mexico,MEX,2023-12-29,0
1451,Mexico,MEX,2023-12-30,0
1452,Mexico,MEX,2023-12-31,0
1453,Philippines,PHL,2020-01-09,0
1454,Philippines,PHL,2020-01-10,0
1455,Philippines,PHL,2020-01-11,0
1456,Philippines,PHL,2020-01-12,0
1457,Philippines,PHL,2020-01-13,0
1458,Philippines,PHL,2020-01-14,0
1459,Philippines,PHL,2020-01-15,0
1460,Philippines,PHL,2020-01-16,0
1461,Philippines,PHL,2020-01-17,0
1462,Philippines,PHL,2020-01-18,0
1463,Philippines,PHL,2020-01-19,0
1464,Philippines,PHL,2020-01-20,0
1465,Philippines,PHL,2020-01-21,0
1466,Philippines,PHL,2020-01-22,0
1467,Philippines,PHL,2020-01-23,0
1468,Philippines,PHL,2020-01-24,0
1469,Philippines,PHL,2020-01-25,0
1470,Philippines,PHL,2020-01-26,0
1471,Philippines,PHL,2020-01-27,0
1472,Philippines,PHL,2020-01-28,0
1473,Philippines,PHL,2020-01-29,0
1474,Philippines,PHL,2020-01-30,0
1475,Philippines,PHL,2020-01-31,1
1476,Philippines,PHL,2020-02-01,1
1477,Philippines,PHL,2020-02-02,1
1478,Philippines,PHL,2020-02-03,2
1479,Philippines,PHL,2020-02-04,2
1480,Philippines,PHL,2020-02-05,2
1481,Philippines,PHL,2020-02-06,3
1482,Philippines,PHL,2020-02-07,2
1483,Philippines,PHL,2020-02-08,2
1484,Philippines,PHL,2020-02-09,2
1485,Philippines,PHL,2020-02-10,1
1486,Philippines,PHL,2020-02-11,1
1487,Philippines,PHL,2020-02-12,1
1488,Philippines,PHL,2020-02-13,0
1489,Philippines,PHL,2020-02-14,0
1490,Philippines,PHL,2020-02-15,0
1491,Philippines,PHL,2020-02-16,0
1492,Philippines,PHL,2020-02-17,0
1493,Philippines,PHL,2020-02-18,0
1494,Philippines,PHL,2020-02-19,0
1495,Philippines,PHL,2020-02-20,0
1496,Philippines,PHL,2020-02-21,0
1497,Philippines,PHL,2020-02-22,0
1498,Philippines,PHL,2020-02-23,0
1499,Philippines,PHL,2020-02-24,0
1500,Philippines,PHL,2020-02-25,0
1501,Philippines,PHL,2020-02-26,0
1502,Philippines,PHL,2020-02-27,0
1503,Philippines,PHL,2020-02-28,0
1504,Philippines,PHL,2020-02-29,0
1505,Philippines,PHL,2020-03-01,0
1506,Philippines,PHL,2020-03-02,0
1507,Philippines,PHL,2020-03-03,0
1508,Philippines,PHL,2020-03-04,0
1509,Philippines,PHL,2020-03-05,0
1510,Philippines,PHL,2020-03-06,0
1511,Philippines,PHL,2020-03-07,2
1512,Philippines,PHL,2020-03-08,3
1513,Philippines,PHL,2020-03-09,7
1514,Philippines,PHL,2020-03-10,17
1515,Philippines,PHL,2020-03-11,30
1516,Philippines,PHL,2020-03-12,46
1517,Philippines,PHL,2020-03-13,49
1518,Philippines,PHL,2020-03-14,59
1519,Philippines,PHL,2020-03-15,105
1520,Philippines,PHL,2020-03-16,130
1521,Philippines,PHL,2020-03-17,122
1522,Philippines,PHL,2020-03-18,154
1523,Philippines,PHL,2020-03-19,153
1524,Philippines,PHL,2020-03-20,165
1525,Philippines,PHL,2020-03-21,166
1526,Philippines,PHL,2020-03-22,196
1527,Philippines,PHL,2020-03-23,240
1528,Philippines,PHL,2020-03-24,320
1529,Philippines,PHL,2020-03-25,365
1530,Philippines,PHL,2020-03-26,434
1531,Philippines,PHL,2020-03-27,490
1532,Philippines,PHL,2020-03-28,573
1533,Philippines,PHL,2020-03-29,768
1534,Philippines,PHL,2020-03-30,1038
1535,Philippines,PHL,2020-03-31,1084
1536,Philippines,PHL,2020-04-01,1532
1537,Philippines,PHL,2020-04-02,1675
1538,Philippines,PHL,2020-04-03,1926
1539,Philippines,PHL,2020-04-04,2215
1540,Philippines,PHL,2020-04-05,2019
1541,Philippines,PHL,2020-04-06,1828
1542,Philippines,PHL,2020-04-07,2114
1543,Philippines,PHL,2020-04-08,1680
1544,Philippines,PHL,2020-04-09,1559
1545,Philippines,PHL,2020-04-10,1443
1546,Philippines,PHL,2020-04-11,1177
1547,Philippines,PHL,2020-04-12,1334
1548,Philippines,PHL,2020-04-13,1402
1549,Philippines,PHL,2020-04-14,1272
1550,Philippines,PHL,2020-04-15,1459
1551,Philippines,PHL,2020-04-16,1583
1552,Philippines,PHL,2020-04-17,1584
1553,Philippines,PHL,2020-04-18,1683
1554,Philippines,PHL,2020-04-19,1659
1555,Philippines,PHL,2020-04-20,1611
1556,Philippines,PHL,2020-04-21,1527
1557,Philippines,PHL,2020-04-22,1376
1558,Philippines,PHL,2020-04-23,1257
1559,Philippines,PHL,2020-04-24,1321
1560,Philippines,PHL,2020-04-25,1314
1561,Philippines,PHL,2020-04-26,1207
1562,Philippines,PHL,2020-04-27,1320
1563,Philippines,PHL,2020-04-28,1318
1564,Philippines,PHL,2020-04-29,1359
1565,Philippines,PHL,2020-04-30,1502
1566,Philippines,PHL,2020-05-01,1507
1567,Philippines,PHL,2020-05-02,1580
1568,Philippines,PHL,2020-05-03,1634
1569,Philippines,PHL,2020-05-04,1644
1570,Philippines,PHL,2020-05-05,1708
1571,Philippines,PHL,2020-05-06,1726
1572,Philippines,PHL,2020-05-07,1792
1573,Philippines,PHL,2020-05-08,1855
1574,Philippines,PHL,2020-05-09,1691
1575,Philippines,PHL,2020-05-10,1682
1576,Philippines,PHL,2020-05-11,1571
1577,Philippines,PHL,2020-05-12,1601
1578,Philippines,PHL,2020-05-13,1666
1579,Philippines,PHL,2020-05-14,1614
1580,Philippines,PHL,2020-05-15,1533
1581,Philippines,PHL,2020-05-16,1628
1582,Philippines,PHL,2020-05-17,1695
1583,Philippines,PHL,2020-05-18,1719
1584,Philippines,PHL,2020-05-19,1632
1585,Philippines,PHL,2020-05-20,1592
1586,Philippines,PHL,2020-05-21,1603
1587,Philippines,PHL,2020-05-22,1558
1588,Philippines,PHL,2020-05-23,1506
1589,Philippines,PHL,2020-05-24,1472
1590,Philippines,PHL,2020-05-25,1522
1591,Philippines,PHL,2020-05-26,1601
1592,Philippines,PHL,2020-05-27,1727
1593,Philippines,PHL,2020-05-28,1828
1594,Philippines,PHL,2020-05-29,2154
1595,Philippines,PHL,2020-05-30,3037
1596,Philippines,PHL,2020-05-31,3447
1597,Philippines,PHL,2020-06-01,4051
1598,Philippines,PHL,2020-06-02,4319
1599,Philippines,PHL,2020-06-03,4328
1600,Philippines,PHL,2020-06-04,4699
1601,Philippines,PHL,2020-06-05,4794
1602,Philippines,PHL,2020-06-06,3992
1603,Philippines,PHL,2020-06-07,4116
1604,Philippines,PHL,2020-06-08,3809
1605,Philippines,PHL,2020-06-09,3836
1606,Philippines,PHL,2020-06-10,3995
1607,Philippines,PHL,2020-06-11,3984
1608,Philippines,PHL,2020-06-12,3790
1609,Philippines,PHL,2020-06-13,4159
1610,Philippines,PHL,2020-06-14,4051
1611,Philippines,PHL,2020-06-15,4035
1612,Philippines,PHL,2020-06-16,3943
1613,Philippines,PHL,2020-06-17,3789
1614,Philippines,PHL,2020-06-18,3505
1615,Philippines,PHL,2020-06-19,3626
1616,Philippines,PHL,2020-06-20,3672
1617,Philippines,PHL,2020-06-21,4008
1618,Philippines,PHL,2020-06-22,4121
1619,Philippines,PHL,2020-06-23,4258
1620,Philippines,PHL,2020-06-24,5044
1621,Philippines,PHL,2020-06-25,5054
1622,Philippines,PHL,2020-06-26,5269
1623,Philippines,PHL,2020-06-27,5608
1624,Philippines,PHL,2020-06-28,5403
1625,Philippines,PHL,2020-06-29,5398
1626,Philippines,PHL,2020-06-30,5763
1627,Philippines,PHL,2020-07-01,5689
1628,Philippines,PHL,2020-07-02,6220
1629,Philippines,PHL,2020-07-03,5738
1630,Philippines,PHL,2020-07-04,6271
1631,Philippines,PHL,2020-07-05,7028
1632,Philippines,PHL,2020-07-06,8805
1633,Philippines,PHL,2020-07-07,9895
1634,Philippines,PHL,2020-07-08,10306
1635,Philippines,PHL,2020-07-09,11811
1636,Philippines,PHL,2020-07-10,12876
1637,Philippines,PHL,2020-07-11,12499
1638,Philippines,PHL,2020-07-12,12305
1639,Philippines,PHL,2020-07-13,12005
1640,Philippines,PHL,2020-07-14,10578
1641,Philippines,PHL,2020-07-15,9638
1642,Philippines,PHL,2020-07-16,8528
1643,Philippines,PHL,2020-07-17,9479
1644,Philippines,PHL,2020-07-18,10112
1645,Philippines,PHL,2020-07-19,11080
1646,Philippines,PHL,2020-07-20,11118
1647,Philippines,PHL,2020-07-21,11902
1648,Philippines,PHL,2020-07-22,13306
1649,Philippines,PHL,2020-07-23,13340
1650,Philippines,PHL,2020-07-24,13181
1651,Philippines,PHL,2020-07-25,13446
1652,Philippines,PHL,2020-07-26,13123
1653,Philippines,PHL,2020-07-27,13006
1654,Philippines,PHL,2020-07-28,13182
1655,Philippines,PHL,2020-07-29,12909
1656,Philippines,PHL,2020-07-30,13230
1657,Philippines,PHL,2020-07-31,14950
1658,Philippines,PHL,2020-08-01,16878
1659,Philippines,PHL,2020-08-02,19815
1660,Philippines,PHL,2020-08-03,22721
1661,Philippines,PHL,2020-08-04,24335
1662,Philippines,PHL,2020-08-05,28845
1663,Philippines,PHL,2020-08-06,30479
1664,Philippines,PHL,2020-08-07,30084
1665,Philippines,PHL,2020-08-08,29388
1666,Philippines,PHL,2020-08-09,28651
1667,Philippines,PHL,2020-08-10,26809
1668,Philippines,PHL,2020-08-11,30221
1669,Philippines,PHL,2020-08-12,26789
1670,Philippines,PHL,2020-08-13,27625
1671,Philippines,PHL,2020-08-14,28070
1672,Philippines,PHL,2020-08-15,30908
1673,Philippines,PHL,2020-08-16,31114
1674,Philippines,PHL,2020-08-17,31247
1675,Philippines,PHL,2020-08-18,27826
1676,Philippines,PHL,2020-08-19,29817
1677,Philippines,PHL,2020-08-20,30159
1678,Philippines,PHL,2020-08-21,30577
1679,Philippines,PHL,2020-08-22,28798
1680,Philippines,PHL,2020-08-23,29305
1681,Philippines,PHL,2020-08-24,28406
1682,Philippines,PHL,2020-08-25,29822
1683,Philippines,PHL,2020-08-26,27960
1684,Philippines,PHL,2020-08-27,28649
1685,Philippines,PHL,2020-08-28,27523
1686,Philippines,PHL,2020-08-29,27129
1687,Philippines,PHL,2020-08-30,25889
1688,Philippines,PHL,2020-08-31,27811
1689,Philippines,PHL,2020-09-01,26582
1690,Philippines,PHL,2020-09-02,27138
1691,Philippines,PHL,2020-09-03,24084
1692,Philippines,PHL,2020-09-04,22858
1693,Philippines,PHL,2020-09-05,22547
1694,Philippines,PHL,2020-09-06,21414
1695,Philippines,PHL,2020-09-07,19967
1696,Philippines,PHL,2020-09-08,17925
1697,Philippines,PHL,2020-09-09,17765
1698,Philippines,PHL,2020-09-10,18710
1699,Philippines,PHL,2020-09-11,20521
1700,Philippines,PHL,2020-09-12,20891
1701,Philippines,PHL,2020-09-13,23337
1702,Philippines,PHL,2020-09-14,23845
1703,Philippines,PHL,2020-09-15,27157
1704,Philippines,PHL,2020-09-16,27420
1705,Philippines,PHL,2020-09-17,27788
1706,Philippines,PHL,2020-09-18,27345
1707,Philippines,PHL,2020-09-19,26594
1708,Philippines,PHL,2020-09-20,25568
1709,Philippines,PHL,2020-09-21,25526
1710,Philippines,PHL,2020-09-22,24291
1711,Philippines,PHL,2020-09-23,22351
1712,Philippines,PHL,2020-09-24,21677
1713,Philippines,PHL,2020-09-25,20470
1714,Philippines,PHL,2020-09-26,19819
1715,Philippines,PHL,2020-09-27,17800
1716,Philippines,PHL,2020-09-28,17500
1717,Philippines,PHL,2020-09-29,17124
1718,Philippines,PHL,2020-09-30,17510
1719,Philippines,PHL,2020-10-01,17073
1720,Philippines,PHL,2020-10-02,17328
1721,Philippines,PHL,2020-10-03,17311
1722,Philippines,PHL,2020-10-04,18076
1723,Philippines,PHL,2020-10-05,18256
1724,Philippines,PHL,2020-10-06,17462
1725,Philippines,PHL,2020-10-07,17544
1726,Philippines,PHL,2020-10-08,17973
1727,Philippines,PHL,2020-10-09,17802
1728,Philippines,PHL,2020-10-10,18021
1729,Philippines,PHL,2020-10-11,17532
1730,Philippines,PHL,2020-10-12,16781
1731,Philippines,PHL,2020-10-13,17983
1732,Philippines,PHL,2020-10-14,17814
1733,Philippines,PHL,2020-10-15,16800
1734,Philippines,PHL,2020-10-16,16742
1735,Philippines,PHL,2020-10-17,16986
1736,Philippines,PHL,2020-10-18,17414
1737,Philippines,PHL,2020-10-19,17267
1738,Philippines,PHL,2020-10-20,16446
1739,Philippines,PHL,2020-10-21,16108
1740,Philippines,PHL,2020-10-22,15787
1741,Philippines,PHL,2020-10-23,15265
1742,Philippines,PHL,2020-10-24,14099
1743,Philippines,PHL,2020-10-25,13552
1744,Philippines,PHL,2020-10-26,13504
1745,Philippines,PHL,2020-10-27,12461
1746,Philippines,PHL,2020-10-28,12393
1747,Philippines,PHL,2020-10-29,12956
1748,Philippines,PHL,2020-10-30,13051
1749,Philippines,PHL,2020-10-31,13164
1750,Philippines,PHL,2020-11-01,12912
1751,Philippines,PHL,2020-11-02,13079
1752,Philippines,PHL,2020-11-03,13759
1753,Philippines,PHL,2020-11-04,14034
1754,Philippines,PHL,2020-11-05,12946
1755,Philippines,PHL,2020-11-06,12790
1756,Philippines,PHL,2020-11-07,12878
1757,Philippines,PHL,2020-11-08,13236
1758,Philippines,PHL,2020-11-09,13289
1759,Philippines,PHL,2020-11-10,13060
1760,Philippines,PHL,2020-11-11,12583
1761,Philippines,PHL,2020-11-12,13285
1762,Philippines,PHL,2020-11-13,13103
1763,Philippines,PHL,2020-11-14,12883
1764,Philippines,PHL,2020-11-15,12355
1765,Philippines,PHL,2020-11-16,11445
1766,Philippines,PHL,2020-11-17,11125
1767,Philippines,PHL,2020-11-18,10970
1768,Philippines,PHL,2020-11-19,10682
1769,Philippines,PHL,2020-11-20,10608
1770,Philippines,PHL,2020-11-21,10374
1771,Philippines,PHL,2020-11-22,10542
1772,Philippines,PHL,2020-11-23,10979
1773,Philippines,PHL,2020-11-24,11030
1774,Philippines,PHL,2020-11-25,11008
1775,Philippines,PHL,2020-11-26,10812
1776,Philippines,PHL,2020-11-27,10859
1777,Philippines,PHL,2020-11-28,10843
1778,Philippines,PHL,2020-11-29,10940
1779,Philippines,PHL,2020-11-30,11042
1780,Philippines,PHL,2020-12-01,11023
1781,Philippines,PHL,2020-12-02,11197
1782,Philippines,PHL,2020-12-03,11447
1783,Philippines,PHL,2020-12-04,11124
1784,Philippines,PHL,2020-12-05,10432
1785,Philippines,PHL,2020-12-06,10276
1786,Philippines,PHL,2020-12-07,9968
1787,Philippines,PHL,2020-12-08,9758
1788,Philippines,PHL,2020-12-09,9858
1789,Philippines,PHL,2020-12-10,9804
1790,Philippines,PHL,2020-12-11,10124
1791,Philippines,PHL,2020-12-12,10694
1792,Philippines,PHL,2020-12-13,10265
1793,Philippines,PHL,2020-12-14,9569
1794,Philippines,PHL,2020-12-15,9319
1795,Philippines,PHL,2020-12-16,9055
1796,Philippines,PHL,2020-12-17,8821
1797,Philippines,PHL,2020-12-18,8905
1798,Philippines,PHL,2020-12-19,9523
1799,Philippines,PHL,2020-12-20,9704
1800,Philippines,PHL,2020-12-21,10390
1801,Philippines,PHL,2020-12-22,10797
1802,Philippines,PHL,2020-12-23,10983
1803,Philippines,PHL,2020-12-24,10971
1804,Philippines,PHL,2020-12-25,11276
1805,Philippines,PHL,2020-12-26,11046
1806,Philippines,PHL,2020-12-27,10968
1807,Philippines,PHL,2020-12-28,10100
1808,Philippines,PHL,2020-12-29,9139
1809,Philippines,PHL,2020-12-30,8703
1810,Philippines,PHL,2020-12-31,8575
1811,Philippines,PHL,2021-01-01,10103
1812,Philippines,PHL,2021-01-02,9317
1813,Philippines,PHL,2021-01-03,8799
1814,Philippines,PHL,2021-01-04,8872
1815,Philippines,PHL,2021-01-05,9050
1816,Philippines,PHL,2021-01-06,9219
1817,Philippines,PHL,2021-01-07,9553
1818,Philippines,PHL,2021-01-08,8026
1819,Philippines,PHL,2021-01-09,8868
1820,Philippines,PHL,2021-01-10,9882
1821,Philippines,PHL,2021-01-11,10978
1822,Philippines,PHL,2021-01-12,11557
1823,Philippines,PHL,2021-01-13,11956
1824,Philippines,PHL,2021-01-14,12522
1825,Philippines,PHL,2021-01-15,12788
1826,Philippines,PHL,2021-01-16,12898
1827,Philippines,PHL,2021-01-17,12889
1828,Philippines,PHL,2021-01-18,12998
1829,Philippines,PHL,2021-01-19,12830
1830,Philippines,PHL,2021-01-20,13241
1831,Philippines,PHL,2021-01-21,13111
1832,Philippines,PHL,2021-01-22,13249
1833,Philippines,PHL,2021-01-23,12988
1834,Philippines,PHL,2021-01-24,13046
1835,Philippines,PHL,2021-01-25,12261
1836,Philippines,PHL,2021-01-26,12085
1837,Philippines,PHL,2021-01-27,12472
1838,Philippines,PHL,2021-01-28,11855
1839,Philippines,PHL,2021-01-29,11525
1840,Philippines,PHL,2021-01-30,11845
1841,Philippines,PHL,2021-01-31,11995
1842,Philippines,PHL,2021-02-01,12277
1843,Philippines,PHL,2021-02-02,12690
1844,Philippines,PHL,2021-02-03,11703
1845,Philippines,PHL,2021-02-04,12129
1846,Philippines,PHL,2021-02-05,12173
1847,Philippines,PHL,2021-02-06,12005
1848,Philippines,PHL,2021-02-07,11691
1849,Philippines,PHL,2021-02-08,11722
1850,Philippines,PHL,2021-02-09,11363
1851,Philippines,PHL,2021-02-10,11439
1852,Philippines,PHL,2021-02-11,11585
1853,Philippines,PHL,2021-02-12,11715
1854,Philippines,PHL,2021-02-13,11728
1855,Philippines,PHL,2021-02-14,11870
1856,Philippines,PHL,2021-02-15,11863
1857,Philippines,PHL,2021-02-16,12025
1858,Philippines,PHL,2021-02-17,11871
1859,Philippines,PHL,2021-02-18,11880
1860,Philippines,PHL,2021-02-19,11763
1861,Philippines,PHL,2021-02-20,12033
1862,Philippines,PHL,2021-02-21,11993
1863,Philippines,PHL,2021-02-22,12596
1864,Philippines,PHL,2021-02-23,12623
1865,Philippines,PHL,2021-02-24,12993
1866,Philippines,PHL,2021-02-25,13518
1867,Philippines,PHL,2021-02-26,14268
1868,Philippines,PHL,2021-02-27,14958
1869,Philippines,PHL,2021-02-28,15176
1870,Philippines,PHL,2021-03-01,14924
1871,Philippines,PHL,2021-03-02,15577
1872,Philippines,PHL,2021-03-03,15803
1873,Philippines,PHL,2021-03-04,15983
1874,Philippines,PHL,2021-03-05,16373
1875,Philippines,PHL,2021-03-06,16897
1876,Philippines,PHL,2021-03-07,18063
1877,Philippines,PHL,2021-03-08,19385
1878,Philippines,PHL,2021-03-09,19982
1879,Philippines,PHL,2021-03-10,21084
1880,Philippines,PHL,2021-03-11,22381
1881,Philippines,PHL,2021-03-12,23912
1882,Philippines,PHL,2021-03-13,25463
1883,Philippines,PHL,2021-03-14,27082
1884,Philippines,PHL,2021-03-15,29123
1885,Philippines,PHL,2021-03-16,30889
1886,Philippines,PHL,2021-03-17,32395
1887,Philippines,PHL,2021-03-18,33923
1888,Philippines,PHL,2021-03-19,36446
1889,Philippines,PHL,2021-03-20,39438
1890,Philippines,PHL,2021-03-21,42284
1891,Philippines,PHL,2021-03-22,44903
1892,Philippines,PHL,2021-03-23,46336
1893,Philippines,PHL,2021-03-24,48581
1894,Philippines,PHL,2021-03-25,52055
1895,Philippines,PHL,2021-03-26,54790
1896,Philippines,PHL,2021-03-27,56380
1897,Philippines,PHL,2021-03-28,58105
1898,Philippines,PHL,2021-03-29,60099
1899,Philippines,PHL,2021-03-30,63513
1900,Philippines,PHL,2021-03-31,62992
1901,Philippines,PHL,2021-04-01,63169
1902,Philippines,PHL,2021-04-02,68620
1903,Philippines,PHL,2021-04-03,71606
1904,Philippines,PHL,2021-04-04,73165
1905,Philippines,PHL,2021-04-05,71502
1906,Philippines,PHL,2021-04-06,71590
1907,Philippines,PHL,2021-04-07,71883
1908,Philippines,PHL,2021-04-08,72142
1909,Philippines,PHL,2021-04-09,69068
1910,Philippines,PHL,2021-04-10,69164
1911,Philippines,PHL,2021-04-11,69804
1912,Philippines,PHL,2021-04-12,72825
1913,Philippines,PHL,2021-04-13,72008
1914,Philippines,PHL,2021-04-14,73706
1915,Philippines,PHL,2021-04-15,75916
1916,Philippines,PHL,2021-04-16,74416
1917,Philippines,PHL,2021-04-17,72848
1918,Philippines,PHL,2021-04-18,71270
1919,Philippines,PHL,2021-04-19,69515
1920,Philippines,PHL,2021-04-20,68322
1921,Philippines,PHL,2021-04-21,69426
1922,Philippines,PHL,2021-04-22,66776
1923,Philippines,PHL,2021-04-23,64768
1924,Philippines,PHL,2021-04-24,63364
1925,Philippines,PHL,2021-04-25,61382
1926,Philippines,PHL,2021-04-26,60687
1927,Philippines,PHL,2021-04-27,60520
1928,Philippines,PHL,2021-04-28,58180
1929,Philippines,PHL,2021-04-29,57691
1930,Philippines,PHL,2021-04-30,57708
1931,Philippines,PHL,2021-05-01,57238
1932,Philippines,PHL,2021-05-02,57471
1933,Philippines,PHL,2021-05-03,55796
1934,Philippines,PHL,2021-05-04,54270
1935,Philippines,PHL,2021-05-05,53073
1936,Philippines,PHL,2021-05-06,51440
1937,Philippines,PHL,2021-05-07,50443
1938,Philippines,PHL,2021-05-08,48197
1939,Philippines,PHL,2021-05-09,47010
1940,Philippines,PHL,2021-05-10,46603
1941,Philippines,PHL,2021-05-11,45647
1942,Philippines,PHL,2021-05-12,44804
1943,Philippines,PHL,2021-05-13,44531
1944,Philippines,PHL,2021-05-14,43578
1945,Philippines,PHL,2021-05-15,43339
1946,Philippines,PHL,2021-05-16,41966
1947,Philippines,PHL,2021-05-17,41088
1948,Philippines,PHL,2021-05-18,40854
1949,Philippines,PHL,2021-05-19,40716
1950,Philippines,PHL,2021-05-20,40455
1951,Philippines,PHL,2021-05-21,39938
1952,Philippines,PHL,2021-05-22,40034
1953,Philippines,PHL,2021-05-23,35845
1954,Philippines,PHL,2021-05-24,34799
1955,Philippines,PHL,2021-05-25,34295
1956,Philippines,PHL,2021-05-26,34892
1957,Philippines,PHL,2021-05-27,35268
1958,Philippines,PHL,2021-05-28,37753
1959,Philippines,PHL,2021-05-29,38362
1960,Philippines,PHL,2021-05-30,43826
1961,Philippines,PHL,2021-05-31,45590
1962,Philippines,PHL,2021-06-01,46793
1963,Philippines,PHL,2021-06-02,46735
1964,Philippines,PHL,2021-06-03,47481
1965,Philippines,PHL,2021-06-04,46179
1966,Philippines,PHL,2021-06-05,45681
1967,Philippines,PHL,2021-06-06,45848
1968,Philippines,PHL,2021-06-07,45706
1969,Philippines,PHL,2021-06-08,45296
1970,Philippines,PHL,2021-06-09,45520
1971,Philippines,PHL,2021-06-10,45776
1972,Philippines,PHL,2021-06-11,45007
1973,Philippines,PHL,2021-06-12,46087
1974,Philippines,PHL,2021-06-13,46162
1975,Philippines,PHL,2021-06-14,46046
1976,Philippines,PHL,2021-06-15,46663
1977,Philippines,PHL,2021-06-16,46618
1978,Philippines,PHL,2021-06-17,45780
1979,Philippines,PHL,2021-06-18,45936
1980,Philippines,PHL,2021-06-19,44875
1981,Philippines,PHL,2021-06-20,43363
1982,Philippines,PHL,2021-06-21,42186
1983,Philippines,PHL,2021-06-22,40461
1984,Philippines,PHL,2021-06-23,39397
1985,Philippines,PHL,2021-06-24,38798
1986,Philippines,PHL,2021-06-25,38779
1987,Philippines,PHL,2021-06-26,38684
1988,Philippines,PHL,2021-06-27,38994
1989,Philippines,PHL,2021-06-28,39351
1990,Philippines,PHL,2021-06-29,40171
1991,Philippines,PHL,2021-06-30,40325
1992,Philippines,PHL,2021-07-01,40085
1993,Philippines,PHL,2021-07-02,39471
1994,Philippines,PHL,2021-07-03,38507
1995,Philippines,PHL,2021-07-04,38370
1996,Philippines,PHL,2021-07-05,38139
1997,Philippines,PHL,2021-07-06,37771
1998,Philippines,PHL,2021-07-07,37559
1999,Philippines,PHL,2021-07-08,37248
2000,Philippines,PHL,2021-07-09,36933
2001,Philippines,PHL,2021-07-10,36706
2002,Philippines,PHL,2021-07-11,36509
2003,Philippines,PHL,2021-07-12,36338
2004,Philippines,PHL,2021-07-13,35830
2005,Philippines,PHL,2021-07-14,35343
2006,Philippines,PHL,2021-07-15,35078
2007,Philippines,PHL,2021-07-16,34875
2008,Philippines,PHL,2021-07-17,35235
2009,Philippines,PHL,2021-07-18,34882
2010,Philippines,PHL,2021-07-19,35331
2011,Philippines,PHL,2021-07-20,36238
2012,Philippines,PHL,2021-07-21,38994
2013,Philippines,PHL,2021-07-22,39600
2014,Philippines,PHL,2021-07-23,40747
2015,Philippines,PHL,2021-07-24,40932
2016,Philippines,PHL,2021-07-25,40987
2017,Philippines,PHL,2021-07-26,41847
2018,Philippines,PHL,2021-07-27,44300
2019,Philippines,PHL,2021-07-28,42115
2020,Philippines,PHL,2021-07-29,42010
2021,Philippines,PHL,2021-07-30,43752
2022,Philippines,PHL,2021-07-31,45678
2023,Philippines,PHL,2021-08-01,48863
2024,Philippines,PHL,2021-08-02,50428
2025,Philippines,PHL,2021-08-03,50293
2026,Philippines,PHL,2021-08-04,53136
2027,Philippines,PHL,2021-08-05,55460
2028,Philippines,PHL,2021-08-06,57512
2029,Philippines,PHL,2021-08-07,60373
2030,Philippines,PHL,2021-08-08,61219
2031,Philippines,PHL,2021-08-09,61934
2032,Philippines,PHL,2021-08-10,63537
2033,Philippines,PHL,2021-08-11,68235
2034,Philippines,PHL,2021-08-12,72403
2035,Philippines,PHL,2021-08-13,74652
2036,Philippines,PHL,2021-08-14,77540
2037,Philippines,PHL,2021-08-15,82422
2038,Philippines,PHL,2021-08-16,88044
2039,Philippines,PHL,2021-08-17,89391
2040,Philippines,PHL,2021-08-18,88184
2041,Philippines,PHL,2021-08-19,90444
2042,Philippines,PHL,2021-08-20,94375
2043,Philippines,PHL,2021-08-21,96724
2044,Philippines,PHL,2021-08-22,98078
2045,Philippines,PHL,2021-08-23,101984
2046,Philippines,PHL,2021-08-24,104105
2047,Philippines,PHL,2021-08-25,106779
2048,Philippines,PHL,2021-08-26,108445
2049,Philippines,PHL,2021-08-27,109309
2050,Philippines,PHL,2021-08-28,111904
2051,Philippines,PHL,2021-08-29,114522
2052,Philippines,PHL,2021-08-30,118406
2053,Philippines,PHL,2021-08-31,120224
2054,Philippines,PHL,2021-09-01,120976
2055,Philippines,PHL,2021-09-02,121244
2056,Philippines,PHL,2021-09-03,123677
2057,Philippines,PHL,2021-09-04,125470
2058,Philippines,PHL,2021-09-05,127080
2059,Philippines,PHL,2021-09-06,127266
2060,Philippines,PHL,2021-09-07,131558
2061,Philippines,PHL,2021-09-08,135209
2062,Philippines,PHL,2021-09-09,141548
2063,Philippines,PHL,2021-09-10,139375
2064,Philippines,PHL,2021-09-11,144991
2065,Philippines,PHL,2021-09-12,146410
2066,Philippines,PHL,2021-09-13,144714
2067,Philippines,PHL,2021-09-14,144725
2068,Philippines,PHL,2021-09-15,143859
2069,Philippines,PHL,2021-09-16,142333
2070,Philippines,PHL,2021-09-17,144698
2071,Philippines,PHL,2021-09-18,141522
2072,Philippines,PHL,2021-09-19,139353
2073,Philippines,PHL,2021-09-20,137545
2074,Philippines,PHL,2021-09-21,135805
2075,Philippines,PHL,2021-09-22,134411
2076,Philippines,PHL,2021-09-23,130530
2077,Philippines,PHL,2021-09-24,128852
2078,Philippines,PHL,2021-09-25,122625
2079,Philippines,PHL,2021-09-26,124120
2080,Philippines,PHL,2021-09-27,123564
2081,Philippines,PHL,2021-09-28,121100
2082,Philippines,PHL,2021-09-29,118338
2083,Philippines,PHL,2021-09-30,115252
2084,Philippines,PHL,2021-10-01,112119
2085,Philippines,PHL,2021-10-02,110023
2086,Philippines,PHL,2021-10-03,102493
2087,Philippines,PHL,2021-10-04,94896
2088,Philippines,PHL,2021-10-05,90122
2089,Philippines,PHL,2021-10-06,87237
2090,Philippines,PHL,2021-10-07,82960
2091,Philippines,PHL,2021-10-08,78053
2092,Philippines,PHL,2021-10-09,74277
2093,Philippines,PHL,2021-10-10,73230
2094,Philippines,PHL,2021-10-11,70742
2095,Philippines,PHL,2021-10-12,70225
2096,Philippines,PHL,2021-10-13,67480
2097,Philippines,PHL,2021-10-14,65351
2098,Philippines,PHL,2021-10-15,62297
2099,Philippines,PHL,2021-10-16,59052
2100,Philippines,PHL,2021-10-17,53821
2101,Philippines,PHL,2021-10-18,52482
2102,Philippines,PHL,2021-10-19,48439
2103,Philippines,PHL,2021-10-20,44908
2104,Philippines,PHL,2021-10-21,41879
2105,Philippines,PHL,2021-10-22,45379
2106,Philippines,PHL,2021-10-23,38189
2107,Philippines,PHL,2021-10-24,36559
2108,Philippines,PHL,2021-10-25,34040
2109,Philippines,PHL,2021-10-26,33918
2110,Philippines,PHL,2021-10-27,33492
2111,Philippines,PHL,2021-10-28,32380
2112,Philippines,PHL,2021-10-29,28772
2113,Philippines,PHL,2021-10-30,32222
2114,Philippines,PHL,2021-10-31,30356
2115,Philippines,PHL,2021-11-01,29074
2116,Philippines,PHL,2021-11-02,26676
2117,Philippines,PHL,2021-11-03,25079
2118,Philippines,PHL,2021-11-04,23151
2119,Philippines,PHL,2021-11-05,18077
2120,Philippines,PHL,2021-11-06,16742
2121,Philippines,PHL,2021-11-07,15949
2122,Philippines,PHL,2021-11-08,14932
2123,Philippines,PHL,2021-11-09,14358
2124,Philippines,PHL,2021-11-10,15398
2125,Philippines,PHL,2021-11-11,15606
2126,Philippines,PHL,2021-11-12,15118
2127,Philippines,PHL,2021-11-13,14546
2128,Philippines,PHL,2021-11-14,13757
2129,Philippines,PHL,2021-11-15,13207
2130,Philippines,PHL,2021-11-16,12639
2131,Philippines,PHL,2021-11-17,11182
2132,Philippines,PHL,2021-11-18,10505
2133,Philippines,PHL,2021-11-19,9942
2134,Philippines,PHL,2021-11-20,9029
2135,Philippines,PHL,2021-11-21,8905
2136,Philippines,PHL,2021-11-22,8175
2137,Philippines,PHL,2021-11-23,8466
2138,Philippines,PHL,2021-11-24,8187
2139,Philippines,PHL,2021-11-25,7848
2140,Philippines,PHL,2021-11-26,7253
2141,Philippines,PHL,2021-11-27,6786
2142,Philippines,PHL,2021-11-28,5841
2143,Philippines,PHL,2021-11-29,5642
2144,Philippines,PHL,2021-11-30,4768
2145,Philippines,PHL,2021-12-01,4266
2146,Philippines,PHL,2021-12-02,3872
2147,Philippines,PHL,2021-12-03,3499
2148,Philippines,PHL,2021-12-04,3203
2149,Philippines,PHL,2021-12-05,2901
2150,Philippines,PHL,2021-12-06,2680
2151,Philippines,PHL,2021-12-07,2685
2152,Philippines,PHL,2021-12-08,2525
2153,Philippines,PHL,2021-12-09,2523
2154,Philippines,PHL,2021-12-10,2227
2155,Philippines,PHL,2021-12-11,2018
2156,Philippines,PHL,2021-12-12,1832
2157,Philippines,PHL,2021-12-13,1644
2158,Philippines,PHL,2021-12-14,1455
2159,Philippines,PHL,2021-12-15,1293
2160,Philippines,PHL,2021-12-16,1012
2161,Philippines,PHL,2021-12-17,1260
2162,Philippines,PHL,2021-12-18,1184
2163,Philippines,PHL,2021-12-19,1019
2164,Philippines,PHL,2021-12-20,918
2165,Philippines,PHL,2021-12-21,873
2166,Philippines,PHL,2021-12-22,888
2167,Philippines,PHL,2021-12-23,719
2168,Philippines,PHL,2021-12-24,684
2169,Philippines,PHL,2021-12-25,833
2170,Philippines,PHL,2021-12-26,1012
2171,Philippines,PHL,2021-12-27,1139
2172,Philippines,PHL,2021-12-28,1350
2173,Philippines,PHL,2021-12-29,2022
2174,Philippines,PHL,2021-12-30,3291
2175,Philippines,PHL,2021-12-31,5921
2176,Philippines,PHL,2022-01-01,9124
2177,Philippines,PHL,2022-01-02,13261
2178,Philippines,PHL,2022-01-03,16995
2179,Philippines,PHL,2022-01-04,22069
2180,Philippines,PHL,2022-01-05,32060
2181,Philippines,PHL,2022-01-06,47827
2182,Philippines,PHL,2022-01-07,66548
2183,Philippines,PHL,2022-01-08,89409
2184,Philippines,PHL,2022-01-09,113626
2185,Philippines,PHL,2022-01-10,142781
2186,Philippines,PHL,2022-01-11,165418
2187,Philippines,PHL,2022-01-12,186691
2188,Philippines,PHL,2022-01-13,203460
2189,Philippines,PHL,2022-01-14,218958
2190,Philippines,PHL,2022-01-15,231502
2191,Philippines,PHL,2022-01-16,239943
2192,Philippines,PHL,2022-01-17,243821
2193,Philippines,PHL,2022-01-18,244279
2194,Philippines,PHL,2022-01-19,234917
2195,Philippines,PHL,2022-01-20,232034
2196,Philippines,PHL,2022-01-21,227597
2197,Philippines,PHL,2022-01-22,219146
2198,Philippines,PHL,2022-01-23,211814
2199,Philippines,PHL,2022-01-24,199682
2200,Philippines,PHL,2022-01-25,188837
2201,Philippines,PHL,2022-01-26,181951
2202,Philippines,PHL,2022-01-27,169108
2203,Philippines,PHL,2022-01-28,154442
2204,Philippines,PHL,2022-01-29,141339
2205,Philippines,PHL,2022-01-30,128538
2206,Philippines,PHL,2022-01-31,118203
2207,Philippines,PHL,2022-02-01,110133
2208,Philippines,PHL,2022-02-02,101503
2209,Philippines,PHL,2022-02-03,92014
2210,Philippines,PHL,2022-02-04,82368
2211,Philippines,PHL,2022-02-05,72480
2212,Philippines,PHL,2022-02-06,63896
2213,Philippines,PHL,2022-02-07,55887
2214,Philippines,PHL,2022-02-08,49888
2215,Philippines,PHL,2022-02-09,46241
2216,Philippines,PHL,2022-02-10,41388
2217,Philippines,PHL,2022-02-11,36794
2218,Philippines,PHL,2022-02-12,33023
2219,Philippines,PHL,2022-02-13,27660
2220,Philippines,PHL,2022-02-14,23871
2221,Philippines,PHL,2022-02-15,22401
2222,Philippines,PHL,2022-02-16,21597
2223,Philippines,PHL,2022-02-17,19944
2224,Philippines,PHL,2022-02-18,18249
2225,Philippines,PHL,2022-02-19,16261
2226,Philippines,PHL,2022-02-20,14887
2227,Philippines,PHL,2022-02-21,13335
2228,Philippines,PHL,2022-02-22,12249
2229,Philippines,PHL,2022-02-23,11000
2230,Philippines,PHL,2022-02-24,10549
2231,Philippines,PHL,2022-02-25,9972
2232,Philippines,PHL,2022-02-26,9520
2233,Philippines,PHL,2022-02-27,8947
2234,Philippines,PHL,2022-02-28,8727
2235,Philippines,PHL,2022-03-01,8879
2236,Philippines,PHL,2022-03-02,8319
2237,Philippines,PHL,2022-03-03,7552
2238,Philippines,PHL,2022-03-04,6940
2239,Philippines,PHL,2022-03-05,6661
2240,Philippines,PHL,2022-03-06,6489
2241,Philippines,PHL,2022-03-07,6276
2242,Philippines,PHL,2022-03-08,5294
2243,Philippines,PHL,2022-03-09,4432
2244,Philippines,PHL,2022-03-10,4046
2245,Philippines,PHL,2022-03-11,3785
2246,Philippines,PHL,2022-03-12,3503
2247,Philippines,PHL,2022-03-13,3204
2248,Philippines,PHL,2022-03-14,3025
2249,Philippines,PHL,2022-03-15,3328
2250,Philippines,PHL,2022-03-16,3715
2251,Philippines,PHL,2022-03-17,3721
2252,Philippines,PHL,2022-03-18,3670
2253,Philippines,PHL,2022-03-19,3534
2254,Philippines,PHL,2022-03-20,3540
2255,Philippines,PHL,2022-03-21,3400
2256,Philippines,PHL,2022-03-22,3301
2257,Philippines,PHL,2022-03-23,3316
2258,Philippines,PHL,2022-03-24,3160
2259,Philippines,PHL,2022-03-25,3036
2260,Philippines,PHL,2022-03-26,2952
2261,Philippines,PHL,2022-03-27,2710
2262,Philippines,PHL,2022-03-28,2677
2263,Philippines,PHL,2022-03-29,2635
2264,Philippines,PHL,2022-03-30,2414
2265,Philippines,PHL,2022-03-31,1972
2266,Philippines,PHL,2022-04-01,1913
2267,Philippines,PHL,2022-04-02,1848
2268,Philippines,PHL,2022-04-03,2186
2269,Philippines,PHL,2022-04-04,2073
2270,Philippines,PHL,2022-04-05,2053
2271,Philippines,PHL,2022-04-06,2130
2272,Philippines,PHL,2022-04-07,2398
2273,Philippines,PHL,2022-04-08,2335
2274,Philippines,PHL,2022-04-09,2265
2275,Philippines,PHL,2022-04-10,1871
2276,Philippines,PHL,2022-04-11,1873
2277,Philippines,PHL,2022-04-12,1851
2278,Philippines,PHL,2022-04-13,1819
2279,Philippines,PHL,2022-04-14,1822
2280,Philippines,PHL,2022-04-15,1804
2281,Philippines,PHL,2022-04-16,1725
2282,Philippines,PHL,2022-04-17,1647
2283,Philippines,PHL,2022-04-18,1545
2284,Philippines,PHL,2022-04-19,1500
2285,Philippines,PHL,2022-04-20,1632
2286,Philippines,PHL,2022-04-21,1490
2287,Philippines,PHL,2022-04-22,1448
2288,Philippines,PHL,2022-04-23,1431
2289,Philippines,PHL,2022-04-24,1437
2290,Philippines,PHL,2022-04-25,1480
2291,Philippines,PHL,2022-04-26,1446
2292,Philippines,PHL,2022-04-27,1280
2293,Philippines,PHL,2022-04-28,1338
2294,Philippines,PHL,2022-04-29,1295
2295,Philippines,PHL,2022-04-30,1326
2296,Philippines,PHL,2022-05-01,1377
2297,Philippines,PHL,2022-05-02,1352
2298,Philippines,PHL,2022-05-03,1364
2299,Philippines,PHL,2022-05-04,1330
2300,Philippines,PHL,2022-05-05,1311
2301,Philippines,PHL,2022-05-06,1279
2302,Philippines,PHL,2022-05-07,1219
2303,Philippines,PHL,2022-05-08,1117
2304,Philippines,PHL,2022-05-09,1109
2305,Philippines,PHL,2022-05-10,1102
2306,Philippines,PHL,2022-05-11,1053
2307,Philippines,PHL,2022-05-12,1024
2308,Philippines,PHL,2022-05-13,1053
2309,Philippines,PHL,2022-05-14,1051
2310,Philippines,PHL,2022-05-15,1105
2311,Philippines,PHL,2022-05-16,1085
2312,Philippines,PHL,2022-05-17,1069
2313,Philippines,PHL,2022-05-18,1063
2314,Philippines,PHL,2022-05-19,1119
2315,Philippines,PHL,2022-05-20,1150
2316,Philippines,PHL,2022-05-21,1224
2317,Philippines,PHL,2022-05-22,1212
2318,Philippines,PHL,2022-05-23,1245
2319,Philippines,PHL,2022-05-24,1284
2320,Philippines,PHL,2022-05-25,1357
2321,Philippines,PHL,2022-05-26,1361
2322,Philippines,PHL,2022-05-27,1351
2323,Philippines,PHL,2022-05-28,1304
2324,Philippines,PHL,2022-05-29,1313
2325,Philippines,PHL,2022-05-30,1316
2326,Philippines,PHL,2022-05-31,1300
2327,Philippines,PHL,2022-06-01,1250
2328,Philippines,PHL,2022-06-02,1233
2329,Philippines,PHL,2022-06-03,1258
2330,Philippines,PHL,2022-06-04,1273
2331,Philippines,PHL,2022-06-05,1291
2332,Philippines,PHL,2022-06-06,1276
2333,Philippines,PHL,2022-06-07,1311
2334,Philippines,PHL,2022-06-08,1377
2335,Philippines,PHL,2022-06-09,1447
2336,Philippines,PHL,2022-06-10,1222
2337,Philippines,PHL,2022-06-11,1587
2338,Philippines,PHL,2022-06-12,1677
2339,Philippines,PHL,2022-06-13,1884
2340,Philippines,PHL,2022-06-14,1973
2341,Philippines,PHL,2022-06-15,2020
2342,Philippines,PHL,2022-06-16,2193
2343,Philippines,PHL,2022-06-17,2193
2344,Philippines,PHL,2022-06-18,2738
2345,Philippines,PHL,2022-06-19,3042
2346,Philippines,PHL,2022-06-20,3183
2347,Philippines,PHL,2022-06-21,3335
2348,Philippines,PHL,2022-06-22,3689
2349,Philippines,PHL,2022-06-23,3980
2350,Philippines,PHL,2022-06-24,3980
2351,Philippines,PHL,2022-06-25,4376
2352,Philippines,PHL,2022-06-26,4612
2353,Philippines,PHL,2022-06-27,4952
2354,Philippines,PHL,2022-06-28,5119
2355,Philippines,PHL,2022-06-29,5305
2356,Philippines,PHL,2022-06-30,5898
2357,Philippines,PHL,2022-07-01,5898
2358,Philippines,PHL,2022-07-02,6920
2359,Philippines,PHL,2022-07-03,6072
2360,Philippines,PHL,2022-07-04,6455
2361,Philippines,PHL,2022-07-05,6994
2362,Philippines,PHL,2022-07-06,6972
2363,Philippines,PHL,2022-07-07,6788
2364,Philippines,PHL,2022-07-08,8724
2365,Philippines,PHL,2022-07-09,6183
2366,Philippines,PHL,2022-07-10,9501
2367,Philippines,PHL,2022-07-11,10196
2368,Philippines,PHL,2022-07-12,10737
2369,Philippines,PHL,2022-07-13,11340
2370,Philippines,PHL,2022-07-14,11816
2371,Philippines,PHL,2022-07-15,12251
2372,Philippines,PHL,2022-07-16,12251
2373,Philippines,PHL,2022-07-17,14092
2374,Philippines,PHL,2022-07-18,14704
2375,Philippines,PHL,2022-07-19,15331
2376,Philippines,PHL,2022-07-20,15676
2377,Philippines,PHL,2022-07-21,16148
2378,Philippines,PHL,2022-07-22,16605
2379,Philippines,PHL,2022-07-23,16605
2380,Philippines,PHL,2022-07-24,18336
2381,Philippines,PHL,2022-07-25,19527
2382,Philippines,PHL,2022-07-26,20021
2383,Philippines,PHL,2022-07-27,20675
2384,Philippines,PHL,2022-07-28,21329
2385,Philippines,PHL,2022-07-29,22359
2386,Philippines,PHL,2022-07-30,22359
2387,Philippines,PHL,2022-07-31,23591
2388,Philippines,PHL,2022-08-01,24000
2389,Philippines,PHL,2022-08-02,24774
2390,Philippines,PHL,2022-08-03,25061
2391,Philippines,PHL,2022-08-04,25382
2392,Philippines,PHL,2022-08-05,25963
2393,Philippines,PHL,2022-08-06,25963
2394,Philippines,PHL,2022-08-07,26866
2395,Philippines,PHL,2022-08-08,27328
2396,Philippines,PHL,2022-08-09,27978
2397,Philippines,PHL,2022-08-10,27949
2398,Philippines,PHL,2022-08-11,28077
2399,Philippines,PHL,2022-08-12,28171
2400,Philippines,PHL,2022-08-13,28171
2401,Philippines,PHL,2022-08-14,28425
2402,Philippines,PHL,2022-08-15,27985
2403,Philippines,PHL,2022-08-16,27275
2404,Philippines,PHL,2022-08-17,27280
2405,Philippines,PHL,2022-08-18,27003
2406,Philippines,PHL,2022-08-19,26228
2407,Philippines,PHL,2022-08-20,26228
2408,Philippines,PHL,2022-08-21,24402
2409,Philippines,PHL,2022-08-22,23823
2410,Philippines,PHL,2022-08-23,23373
2411,Philippines,PHL,2022-08-24,22403
2412,Philippines,PHL,2022-08-25,22995
2413,Philippines,PHL,2022-08-26,22363
2414,Philippines,PHL,2022-08-27,22363
2415,Philippines,PHL,2022-08-28,20162
2416,Philippines,PHL,2022-08-29,18776
2417,Philippines,PHL,2022-08-30,18260
2418,Philippines,PHL,2022-08-31,18217
2419,Philippines,PHL,2022-09-01,16245
2420,Philippines,PHL,2022-09-02,16886
2421,Philippines,PHL,2022-09-03,16886
2422,Philippines,PHL,2022-09-04,16774
2423,Philippines,PHL,2022-09-05,16834
2424,Philippines,PHL,2022-09-06,16452
2425,Philippines,PHL,2022-09-07,16120
2426,Philippines,PHL,2022-09-08,16288
2427,Philippines,PHL,2022-09-09,14925
2428,Philippines,PHL,2022-09-10,22300
2429,Philippines,PHL,2022-09-11,17160
2430,Philippines,PHL,2022-09-12,14886
2431,Philippines,PHL,2022-09-13,14684
2432,Philippines,PHL,2022-09-14,14987
2433,Philippines,PHL,2022-09-15,14917
2434,Philippines,PHL,2022-09-16,14654
2435,Philippines,PHL,2022-09-17,12069
2436,Philippines,PHL,2022-09-18,12069
2437,Philippines,PHL,2022-09-19,14351
2438,Philippines,PHL,2022-09-20,15528
2439,Philippines,PHL,2022-09-21,15456
2440,Philippines,PHL,2022-09-22,15722
2441,Philippines,PHL,2022-09-23,16283
2442,Philippines,PHL,2022-09-24,11493
2443,Philippines,PHL,2022-09-25,16357
2444,Philippines,PHL,2022-09-26,17592
2445,Philippines,PHL,2022-09-27,16375
2446,Philippines,PHL,2022-09-28,16419
2447,Philippines,PHL,2022-09-29,15913
2448,Philippines,PHL,2022-09-30,15747
2449,Philippines,PHL,2022-10-01,15747
2450,Philippines,PHL,2022-10-02,17086
2451,Philippines,PHL,2022-10-03,15591
2452,Philippines,PHL,2022-10-04,15664
2453,Philippines,PHL,2022-10-05,15369
2454,Philippines,PHL,2022-10-06,15757
2455,Philippines,PHL,2022-10-07,15783
2456,Philippines,PHL,2022-10-08,15783
2457,Philippines,PHL,2022-10-09,13995
2458,Philippines,PHL,2022-10-10,14090
2459,Philippines,PHL,2022-10-11,14136
2460,Philippines,PHL,2022-10-12,14446
2461,Philippines,PHL,2022-10-13,14214
2462,Philippines,PHL,2022-10-14,14535
2463,Philippines,PHL,2022-10-15,14535
2464,Philippines,PHL,2022-10-16,14880
2465,Philippines,PHL,2022-10-17,14996
2466,Philippines,PHL,2022-10-18,14931
2467,Philippines,PHL,2022-10-19,14469
2468,Philippines,PHL,2022-10-20,14328
2469,Philippines,PHL,2022-10-21,13672
2470,Philippines,PHL,2022-10-22,13672
2471,Philippines,PHL,2022-10-23,12405
2472,Philippines,PHL,2022-10-24,11756
2473,Philippines,PHL,2022-10-25,11043
2474,Philippines,PHL,2022-10-26,10883
2475,Philippines,PHL,2022-10-27,10518
2476,Philippines,PHL,2022-10-28,9670
2477,Philippines,PHL,2022-10-29,9670
2478,Philippines,PHL,2022-10-30,9040
2479,Philippines,PHL,2022-10-31,8733
2480,Philippines,PHL,2022-11-01,8606
2481,Philippines,PHL,2022-11-02,8245
2482,Philippines,PHL,2022-11-03,8006
2483,Philippines,PHL,2022-11-04,7409
2484,Philippines,PHL,2022-11-05,7409
2485,Philippines,PHL,2022-11-06,6367
2486,Philippines,PHL,2022-11-07,6107
2487,Philippines,PHL,2022-11-08,6450
2488,Philippines,PHL,2022-11-09,6562
2489,Philippines,PHL,2022-11-10,6919
2490,Philippines,PHL,2022-11-11,7404
2491,Philippines,PHL,2022-11-12,7404
2492,Philippines,PHL,2022-11-13,7939
2493,Philippines,PHL,2022-11-14,8681
2494,Philippines,PHL,2022-11-15,8238
2495,Philippines,PHL,2022-11-16,8528
2496,Philippines,PHL,2022-11-17,8202
2497,Philippines,PHL,2022-11-18,8088
2498,Philippines,PHL,2022-11-19,8088
2499,Philippines,PHL,2022-11-20,8459
2500,Philippines,PHL,2022-11-21,7803
2501,Philippines,PHL,2022-11-22,7605
2502,Philippines,PHL,2022-11-23,7329
2503,Philippines,PHL,2022-11-24,7086
2504,Philippines,PHL,2022-11-25,7074
2505,Philippines,PHL,2022-11-26,7074
2506,Philippines,PHL,2022-11-27,7502
2507,Philippines,PHL,2022-11-28,7618
2508,Philippines,PHL,2022-11-29,7912
2509,Philippines,PHL,2022-11-30,7875
2510,Philippines,PHL,2022-12-01,8249
2511,Philippines,PHL,2022-12-02,8346
2512,Philippines,PHL,2022-12-03,8346
2513,Philippines,PHL,2022-12-04,7494
2514,Philippines,PHL,2022-12-05,7466
2515,Philippines,PHL,2022-12-06,7367
2516,Philippines,PHL,2022-12-07,7604
2517,Philippines,PHL,2022-12-08,7566
2518,Philippines,PHL,2022-12-09,7811
2519,Philippines,PHL,2022-12-10,7811
2520,Philippines,PHL,2022-12-11,8058
2521,Philippines,PHL,2022-12-12,7889
2522,Philippines,PHL,2022-12-13,8022
2523,Philippines,PHL,2022-12-14,7782
2524,Philippines,PHL,2022-12-15,7908
2525,Philippines,PHL,2022-12-16,7609
2526,Philippines,PHL,2022-12-17,8842
2527,Philippines,PHL,2022-12-18,7358
2528,Philippines,PHL,2022-12-19,7336
2529,Philippines,PHL,2022-12-20,6928
2530,Philippines,PHL,2022-12-21,6897
2531,Philippines,PHL,2022-12-22,6555
2532,Philippines,PHL,2022-12-23,6402
2533,Philippines,PHL,2022-12-24,5169
2534,Philippines,PHL,2022-12-25,4103
2535,Philippines,PHL,2022-12-26,5289
2536,Philippines,PHL,2022-12-27,5188
2537,Philippines,PHL,2022-12-28,4760
2538,Philippines,PHL,2022-12-29,4321
2539,Philippines,PHL,2022-12-30,3290
2540,Philippines,PHL,2022-12-31,3290
2541,Philippines,PHL,2023-01-01,3290
2542,Philippines,PHL,2023-01-02,3249
2543,Philippines,PHL,2023-01-03,2982
2544,Philippines,PHL,2023-01-04,2815
2545,Philippines,PHL,2023-01-05,2792
2546,Philippines,PHL,2023-01-06,3251
2547,Philippines,PHL,2023-01-07,3251
2548,Philippines,PHL,2023-01-08,4552
2549,Philippines,PHL,2023-01-09,2777
2550,Philippines,PHL,2023-01-10,2920
2551,Philippines,PHL,2023-01-11,3104
2552,Philippines,PHL,2023-01-12,3389
2553,Philippines,PHL,2023-01-13,3237
2554,Philippines,PHL,2023-01-14,3237
2555,Philippines,PHL,2023-01-15,2797
2556,Philippines,PHL,2023-01-16,2733
2557,Philippines,PHL,2023-01-17,2386
2558,Philippines,PHL,2023-01-18,2405
2559,Philippines,PHL,2023-01-19,2060
2560,Philippines,PHL,2023-01-20,2004
2561,Philippines,PHL,2023-01-21,2004
2562,Philippines,PHL,2023-01-22,1556
2563,Philippines,PHL,2023-01-23,1543
2564,Philippines,PHL,2023-01-24,1593
2565,Philippines,PHL,2023-01-25,1368
2566,Philippines,PHL,2023-01-26,1407
2567,Philippines,PHL,2023-01-27,1337
2568,Philippines,PHL,2023-01-28,1337
2569,Philippines,PHL,2023-01-29,1181
2570,Philippines,PHL,2023-01-30,1100
2571,Philippines,PHL,2023-01-31,1042
2572,Philippines,PHL,2023-02-01,1161
2573,Philippines,PHL,2023-02-02,1052
2574,Philippines,PHL,2023-02-03,1016
2575,Philippines,PHL,2023-02-04,1016
2576,Philippines,PHL,2023-02-05,1045
2577,Philippines,PHL,2023-02-06,833
2578,Philippines,PHL,2023-02-07,799
2579,Philippines,PHL,2023-02-08,725
2580,Philippines,PHL,2023-02-09,778
2581,Philippines,PHL,2023-02-10,795
2582,Philippines,PHL,2023-02-11,795
2583,Philippines,PHL,2023-02-12,678
2584,Philippines,PHL,2023-02-13,957
2585,Philippines,PHL,2023-02-14,908
2586,Philippines,PHL,2023-02-15,898
2587,Philippines,PHL,2023-02-16,817
2588,Philippines,PHL,2023-02-17,774
2589,Philippines,PHL,2023-02-18,774
2590,Philippines,PHL,2023-02-19,914
2591,Philippines,PHL,2023-02-20,685
2592,Philippines,PHL,2023-02-21,708
2593,Philippines,PHL,2023-02-22,784
2594,Philippines,PHL,2023-02-23,708
2595,Philippines,PHL,2023-02-24,739
2596,Philippines,PHL,2023-02-25,739
2597,Philippines,PHL,2023-02-26,738
2598,Philippines,PHL,2023-02-27,710
2599,Philippines,PHL,2023-02-28,701
2600,Philippines,PHL,2023-03-01,635
2601,Philippines,PHL,2023-03-02,742
2602,Philippines,PHL,2023-03-03,758
2603,Philippines,PHL,2023-03-04,758
2604,Philippines,PHL,2023-03-05,738
2605,Philippines,PHL,2023-03-06,850
2606,Philippines,PHL,2023-03-07,866
2607,Philippines,PHL,2023-03-08,872
2608,Philippines,PHL,2023-03-09,886
2609,Philippines,PHL,2023-03-10,882
2610,Philippines,PHL,2023-03-11,882
2611,Philippines,PHL,2023-03-12,890
2612,Philippines,PHL,2023-03-13,903
2613,Philippines,PHL,2023-03-14,931
2614,Philippines,PHL,2023-03-15,955
2615,Philippines,PHL,2023-03-16,929
2616,Philippines,PHL,2023-03-17,1028
2617,Philippines,PHL,2023-03-18,1028
2618,Philippines,PHL,2023-03-19,1061
2619,Philippines,PHL,2023-03-20,1088
2620,Philippines,PHL,2023-03-21,1020
2621,Philippines,PHL,2023-03-22,1101
2622,Philippines,PHL,2023-03-23,1145
2623,Philippines,PHL,2023-03-24,1021
2624,Philippines,PHL,2023-03-25,1021
2625,Philippines,PHL,2023-03-26,1163
2626,Philippines,PHL,2023-03-27,1199
2627,Philippines,PHL,2023-03-28,1350
2628,Philippines,PHL,2023-03-29,1323
2629,Philippines,PHL,2023-03-30,1356
2630,Philippines,PHL,2023-03-31,1456
2631,Philippines,PHL,2023-04-01,1456
2632,Philippines,PHL,2023-04-02,1541
2633,Philippines,PHL,2023-04-03,2019
2634,Philippines,PHL,2023-04-04,1804
2635,Philippines,PHL,2023-04-05,1870
2636,Philippines,PHL,2023-04-06,1698
2637,Philippines,PHL,2023-04-07,1461
2638,Philippines,PHL,2023-04-08,1461
2639,Philippines,PHL,2023-04-09,1988
2640,Philippines,PHL,2023-04-10,1462
2641,Philippines,PHL,2023-04-11,1627
2642,Philippines,PHL,2023-04-12,1600
2643,Philippines,PHL,2023-04-13,1823
2644,Philippines,PHL,2023-04-14,2208
2645,Philippines,PHL,2023-04-15,2208
2646,Philippines,PHL,2023-04-16,2025
2647,Philippines,PHL,2023-04-17,2292
2648,Philippines,PHL,2023-04-18,2505
2649,Philippines,PHL,2023-04-19,2581
2650,Philippines,PHL,2023-04-20,2715
2651,Philippines,PHL,2023-04-21,2795
2652,Philippines,PHL,2023-04-22,3338
2653,Philippines,PHL,2023-04-23,2438
2654,Philippines,PHL,2023-04-24,3010
2655,Philippines,PHL,2023-04-25,3061
2656,Philippines,PHL,2023-04-26,3110
2657,Philippines,PHL,2023-04-27,3259
2658,Philippines,PHL,2023-04-28,3575
2659,Philippines,PHL,2023-04-29,3032
2660,Philippines,PHL,2023-04-30,3890
2661,Philippines,PHL,2023-05-01,3193
2662,Philippines,PHL,2023-05-02,5231
2663,Philippines,PHL,2023-05-03,5759
2664,Philippines,PHL,2023-05-04,6120
2665,Philippines,PHL,2023-05-05,6529
2666,Philippines,PHL,2023-05-06,6529
2667,Philippines,PHL,2023-05-07,9014
2668,Philippines,PHL,2023-05-08,10630
2669,Philippines,PHL,2023-05-09,9708
2670,Philippines,PHL,2023-05-10,10030
2671,Philippines,PHL,2023-05-11,10639
2672,Philippines,PHL,2023-05-12,11389
2673,Philippines,PHL,2023-05-13,11389
2674,Philippines,PHL,2023-05-14,12225
2675,Philippines,PHL,2023-05-15,12414
2676,Philippines,PHL,2023-05-16,12592
2677,Philippines,PHL,2023-05-17,12515
2678,Philippines,PHL,2023-05-18,12542
2679,Philippines,PHL,2023-05-19,12616
2680,Philippines,PHL,2023-05-20,12616
2681,Philippines,PHL,2023-05-21,12623
2682,Philippines,PHL,2023-05-22,12426
2683,Philippines,PHL,2023-05-23,12340
2684,Philippines,PHL,2023-05-24,12254
2685,Philippines,PHL,2023-05-25,12274
2686,Philippines,PHL,2023-05-26,12114
2687,Philippines,PHL,2023-05-27,12114
2688,Philippines,PHL,2023-05-28,11724
2689,Philippines,PHL,2023-05-29,11667
2690,Philippines,PHL,2023-05-30,11415
2691,Philippines,PHL,2023-05-31,11268
2692,Philippines,PHL,2023-06-01,11024
2693,Philippines,PHL,2023-06-02,9170
2694,Philippines,PHL,2023-06-03,12148
2695,Philippines,PHL,2023-06-04,9689
2696,Philippines,PHL,2023-06-05,9106
2697,Philippines,PHL,2023-06-06,8825
2698,Philippines,PHL,2023-06-07,8646
2699,Philippines,PHL,2023-06-08,8265
2700,Philippines,PHL,2023-06-09,9396
2701,Philippines,PHL,2023-06-10,7520
2702,Philippines,PHL,2023-06-11,7061
2703,Philippines,PHL,2023-06-12,6630
2704,Philippines,PHL,2023-06-13,6253
2705,Philippines,PHL,2023-06-14,5995
2706,Philippines,PHL,2023-06-15,5565
2707,Philippines,PHL,2023-06-16,4962
2708,Philippines,PHL,2023-06-17,4672
2709,Philippines,PHL,2023-06-18,4394
2710,Philippines,PHL,2023-06-19,4279
2711,Philippines,PHL,2023-06-20,4057
2712,Philippines,PHL,2023-06-21,3978
2713,Philippines,PHL,2023-06-22,4007
2714,Philippines,PHL,2023-06-23,4063
2715,Philippines,PHL,2023-06-24,3783
2716,Philippines,PHL,2023-06-25,3647
2717,Philippines,PHL,2023-06-26,3442
2718,Philippines,PHL,2023-06-27,3360
2719,Philippines,PHL,2023-06-28,3318
2720,Philippines,PHL,2023-06-29,3206
2721,Philippines,PHL,2023-06-30,3125
2722,Philippines,PHL,2023-07-01,2990
2723,Philippines,PHL,2023-07-02,2845
2724,Philippines,PHL,2023-07-03,2747
2725,Philippines,PHL,2023-07-04,2324
2726,Philippines,PHL,2023-07-05,2027
2727,Philippines,PHL,2023-07-06,1642
2728,Philippines,PHL,2023-07-07,1139
2729,Philippines,PHL,2023-07-08,742
2730,Philippines,PHL,2023-07-09,423
2731,Philippines,PHL,2023-07-10,2510
2732,Philippines,PHL,2023-07-11,2510
2733,Philippines,PHL,2023-07-12,2510
2734,Philippines,PHL,2023-07-13,2510
2735,Philippines,PHL,2023-07-14,2510
2736,Philippines,PHL,2023-07-15,2510
2737,Philippines,PHL,2023-07-16,2510
2738,Philippines,PHL,2023-07-17,1938
2739,Philippines,PHL,2023-07-18,1938
2740,Philippines,PHL,2023-07-19,1938
2741,Philippines,PHL,2023-07-20,1938
2742,Philippines,PHL,2023-07-21,1938
2743,Philippines,PHL,2023-07-22,1938
2744,Philippines,PHL,2023-07-23,1938
2745,Philippines,PHL,2023-07-24,1671
2746,Philippines,PHL,2023-07-25,1671
2747,Philippines,PHL,2023-07-26,1671
2748,Philippines,PHL,2023-07-27,1671
2749,Philippines,PHL,2023-07-28,1671
2750,Philippines,PHL,2023-07-29,1671
2751,Philippines,PHL,2023-07-30,1671
2752,Philippines,PHL,2023-07-31,1302
2753,Philippines,PHL,2023-08-01,1302
2754,Philippines,PHL,2023-08-02,1302
2755,Philippines,PHL,2023-08-03,1302
2756,Philippines,PHL,2023-08-04,1302
2757,Philippines,PHL,2023-08-05,1302
2758,Philippines,PHL,2023-08-06,1859
2759,Philippines,PHL,2023-08-07,711
2760,Philippines,PHL,2023-08-08,711
2761,Philippines,PHL,2023-08-09,711
2762,Philippines,PHL,2023-08-10,711
2763,Philippines,PHL,2023-08-11,711
2764,Philippines,PHL,2023-08-12,711
2765,Philippines,PHL,2023-08-13,154
2766,Philippines,PHL,2023-08-15,0
2767,Philippines,PHL,2023-08-16,0
2768,Philippines,PHL,2023-08-17,0
2769,Philippines,PHL,2023-08-18,0
2770,Philippines,PHL,2023-08-19,0
2771,Philippines,PHL,2023-08-20,0
2772,Philippines,PHL,2023-08-21,342
2773,Philippines,PHL,2023-08-22,342
2774,Philippines,PHL,2023-08-23,342
2775,Philippines,PHL,2023-08-24,342
2776,Philippines,PHL,2023-08-25,342
2777,Philippines,PHL,2023-08-26,342
2778,Philippines,PHL,2023-08-27,342
2779,Philippines,PHL,2023-08-28,623
2780,Philippines,PHL,2023-08-29,623
2781,Philippines,PHL,2023-08-30,623
2782,Philippines,PHL,2023-08-31,623
2783,Philippines,PHL,2023-09-01,623
2784,Philippines,PHL,2023-09-02,623
2785,Philippines,PHL,2023-09-03,1311
2786,Philippines,PHL,2023-09-04,826
2787,Philippines,PHL,2023-09-05,826
2788,Philippines,PHL,2023-09-06,826
2789,Philippines,PHL,2023-09-07,826
2790,Philippines,PHL,2023-09-08,826
2791,Philippines,PHL,2023-09-09,826
2792,Philippines,PHL,2023-09-10,138
2793,Philippines,PHL,2023-09-11,988
2794,Philippines,PHL,2023-09-12,988
2795,Philippines,PHL,2023-09-13,988
2796,Philippines,PHL,2023-09-14,988
2797,Philippines,PHL,2023-09-15,988
2798,Philippines,PHL,2023-09-16,988
2799,Philippines,PHL,2023-09-17,988
2800,Philippines,PHL,2023-09-18,962
2801,Philippines,PHL,2023-09-19,962
2802,Philippines,PHL,2023-09-20,962
2803,Philippines,PHL,2023-09-21,962
2804,Philippines,PHL,2023-09-22,962
2805,Philippines,PHL,2023-09-23,962
2806,Philippines,PHL,2023-09-24,962
2807,Philippines,PHL,2023-09-25,1141
2808,Philippines,PHL,2023-09-26,1141
2809,Philippines,PHL,2023-09-27,1141
2810,Philippines,PHL,2023-09-28,1141
2811,Philippines,PHL,2023-09-29,1141
2812,Philippines,PHL,2023-09-30,1141
2813,Philippines,PHL,2023-10-01,1141
2814,Philippines,PHL,2023-10-02,1246
2815,Philippines,PHL,2023-10-03,1246
2816,Philippines,PHL,2023-10-04,1246
2817,Philippines,PHL,2023-10-05,1246
2818,Philippines,PHL,2023-10-06,1246
2819,Philippines,PHL,2023-10-07,1246
2820,Philippines,PHL,2023-10-08,1246
2821,Philippines,PHL,2023-10-09,1034
2822,Philippines,PHL,2023-10-10,1034
2823,Philippines,PHL,2023-10-11,1034
2824,Philippines,PHL,2023-10-12,1034
2825,Philippines,PHL,2023-10-13,1034
2826,Philippines,PHL,2023-10-14,1034
2827,Philippines,PHL,2023-10-15,1034
2828,Philippines,PHL,2023-10-16,1469
2829,Philippines,PHL,2023-10-17,1469
2830,Philippines,PHL,2023-10-18,1469
2831,Philippines,PHL,2023-10-19,1469
2832,Philippines,PHL,2023-10-20,1469
2833,Philippines,PHL,2023-10-21,1469
2834,Philippines,PHL,2023-10-22,1469
2835,Philippines,PHL,2023-10-23,1198
2836,Philippines,PHL,2023-10-24,1198
2837,Philippines,PHL,2023-10-25,1198
2838,Philippines,PHL,2023-10-26,1198
2839,Philippines,PHL,2023-10-27,1198
2840,Philippines,PHL,2023-10-28,1198
2841,Philippines,PHL,2023-10-29,1198
2842,Philippines,PHL,2023-10-30,1097
2843,Philippines,PHL,2023-10-31,1097
2844,Philippines,PHL,2023-11-01,1097
2845,Philippines,PHL,2023-11-02,1097
2846,Philippines,PHL,2023-11-03,1097
2847,Philippines,PHL,2023-11-04,1097
2848,Philippines,PHL,2023-11-05,1097
2849,Philippines,PHL,2023-11-06,933
2850,Philippines,PHL,2023-11-07,933
2851,Philippines,PHL,2023-11-08,933
2852,Philippines,PHL,2023-11-09,933
2853,Philippines,PHL,2023-11-10,933
2854,Philippines,PHL,2023-11-11,933
2855,Philippines,PHL,2023-11-12,933
2856,Philippines,PHL,2023-11-13,914
2857,Philippines,PHL,2023-11-14,914
2858,Philippines,PHL,2023-11-15,914
2859,Philippines,PHL,2023-11-16,914
2860,Philippines,PHL,2023-11-17,914
2861,Philippines,PHL,2023-11-18,914
2862,Philippines,PHL,2023-11-19,914
2863,Philippines,PHL,2023-11-20,1333
2864,Philippines,PHL,2023-11-21,1333
2865,Philippines,PHL,2023-11-22,1333
2866,Philippines,PHL,2023-11-23,1333
2867,Philippines,PHL,2023-11-24,1333
2868,Philippines,PHL,2023-11-25,1333
2869,Philippines,PHL,2023-11-26,1333
2870,Philippines,PHL,2023-11-27,1262
2871,Philippines,PHL,2023-11-28,1262
2872,Philippines,PHL,2023-11-29,1262
2873,Philippines,PHL,2023-11-30,1262
2874,Philippines,PHL,2023-12-01,1262
2875,Philippines,PHL,2023-12-02,1262
2876,Philippines,PHL,2023-12-03,1262
2877,Philippines,PHL,2023-12-04,1163
2878,Philippines,PHL,2023-12-05,1163
2879,Philippines,PHL,2023-12-06,1163
2880,Philippines,PHL,2023-12-07,1163
2881,Philippines,PHL,2023-12-08,1163
2882,Philippines,PHL,2023-12-09,1163
2883,Philippines,PHL,2023-12-10,1163
2884,Philippines,PHL,2023-12-11,1377
2885,Philippines,PHL,2023-12-12,1377
2886,Philippines,PHL,2023-12-13,1377
2887,Philippines,PHL,2023-12-14,1377
2888,Philippines,PHL,2023-12-15,1377
2889,Philippines,PHL,2023-12-16,1377
2890,Philippines,PHL,2023-12-17,1377
2891,Philippines,PHL,2023-12-18,2501
2892,Philippines,PHL,2023-12-19,2501
2893,Philippines,PHL,2023-12-20,2501
2894,Philippines,PHL,2023-12-21,2501
2895,Philippines,PHL,2023-12-22,2501
2896,Philippines,PHL,2023-12-23,2501
2897,Philippines,PHL,2023-12-24,2501
2898,Philippines,PHL,2023-12-25,3239
2899,Philippines,PHL,2023-12-26,3239
2900,Philippines,PHL,2023-12-27,3239
2901,Philippines,PHL,2023-12-28,3239
2902,Philippines,PHL,2023-12-29,3239
2903,Philippines,PHL,2023-12-30,3239
2904,Philippines,PHL,2023-12-31,3239
